2026-09-10 09:21:59 | DEBUG    | RAMGuard.Config | Config loaded from D:\Poject\Degree Project\16 Memory magement system (RamGuard)(os) Done\config\config.json
2026-09-10 09:21:59 | INFO     | RAMGuard | ============================================================
2026-09-10 09:21:59 | INFO     | RAMGuard | RAMGuard starting up
2026-09-10 09:21:59 | INFO     | RAMGuard | Python: 3.12.10 (tags/v3.12.10:0cc8128, Apr  8 2025, 12:21:36) [MSC v.1943 64 bit (AMD64)]
2026-09-10 09:21:59 | INFO     | RAMGuard | Platform: win32
2026-09-10 09:21:59 | INFO     | RAMGuard | ============================================================
2026-09-10 09:22:02 | INFO     | RAMGuard | Initialising database…
2026-09-10 09:22:02 | INFO     | RAMGuard.Database | Database initialised at D:\Poject\Degree Project\16 Memory magement system (RamGuard)(os) Done\data\ramguard.db
2026-09-10 09:22:02 | INFO     | RAMGuard | Loading configuration…
2026-09-10 09:22:02 | DEBUG    | RAMGuard.Config | Config loaded from D:\Poject\Degree Project\16 Memory magement system (RamGuard)(os) Done\config\config.json
2026-09-10 09:22:02 | INFO     | RAMGuard | Building main window…
2026-09-10 09:22:02 | INFO     | RAMGuard.SafetyManager | ProcessSafetyManager initialised (own PID=13768)
2026-09-10 09:22:02 | INFO     | RAMGuard.MemoryMonitor | MemoryMonitor initialised
2026-09-10 09:22:02 | INFO     | RAMGuard.StartupManager | Loaded 9 startup entries
2026-09-10 09:22:02 | INFO     | RAMGuard.MemoryMonitor | MemoryMonitor initialised
2026-09-10 09:22:02 | DEBUG    | RAMGuard.Workers | MonitorWorker started (interval=3s)
2026-09-10 09:22:02 | INFO     | RAMGuard | RAMGuard started successfully.
2026-09-10 09:22:08 | DEBUG    | RAMGuard.ProcessScanner | Scanned 248 processes (threshold=0.5 MB)
2026-09-10 09:22:11 | DEBUG    | RAMGuard.MainWindow | Process list updated: 248 processes
2026-09-10 09:22:22 | DEBUG    | RAMGuard.ProcessScanner | Scanned 250 processes (threshold=0.5 MB)
2026-09-10 09:22:26 | DEBUG    | RAMGuard.MainWindow | Process list updated: 250 processes
2026-09-10 09:22:36 | DEBUG    | RAMGuard.ProcessScanner | Scanned 253 processes (threshold=0.5 MB)
2026-09-10 09:22:40 | DEBUG    | RAMGuard.MainWindow | Process list updated: 253 processes
2026-09-10 09:44:49 | DEBUG    | RAMGuard.Config | Config loaded from D:\Poject\Degree Project\16 Memory magement system (RamGuard)(os) Done\config\config.json
2026-09-10 09:44:50 | INFO     | RAMGuard | ============================================================
2026-09-10 09:44:50 | INFO     | RAMGuard | RAMGuard starting up
2026-09-10 09:44:50 | INFO     | RAMGuard | Python: 3.12.10 (tags/v3.12.10:0cc8128, Apr  8 2025, 12:21:36) [MSC v.1943 64 bit (AMD64)]
2026-09-10 09:44:50 | INFO     | RAMGuard | Platform: win32
2026-09-10 09:44:50 | INFO     | RAMGuard | ============================================================
2026-09-10 09:44:55 | INFO     | RAMGuard | Initialising database…
2026-09-10 09:44:55 | INFO     | RAMGuard.Database | Database initialised at D:\Poject\Degree Project\16 Memory magement system (RamGuard)(os) Done\data\ramguard.db
2026-09-10 09:44:55 | INFO     | RAMGuard | Loading configuration…
2026-09-10 09:44:55 | DEBUG    | RAMGuard.Config | Config loaded from D:\Poject\Degree Project\16 Memory magement system (RamGuard)(os) Done\config\config.json
2026-09-10 09:44:55 | INFO     | RAMGuard | Building main window…
2026-09-10 09:44:55 | INFO     | RAMGuard.SafetyManager | ProcessSafetyManager initialised (own PID=2872)
2026-09-10 09:44:55 | INFO     | RAMGuard.MemoryMonitor | MemoryMonitor initialised
2026-09-10 09:44:55 | INFO     | RAMGuard.StartupManager | Loaded 10 startup entries
2026-09-10 09:44:55 | INFO     | RAMGuard.MemoryMonitor | MemoryMonitor initialised
2026-09-10 09:44:55 | DEBUG    | RAMGuard.Workers | MonitorWorker started (interval=3s)
2026-09-10 09:44:55 | INFO     | RAMGuard | RAMGuard started successfully.
2026-09-10 09:45:01 | DEBUG    | RAMGuard.ProcessScanner | Scanned 239 processes (threshold=0.5 MB)
2026-09-10 09:45:04 | DEBUG    | RAMGuard.MainWindow | Process list updated: 239 processes
2026-09-10 09:45:14 | DEBUG    | RAMGuard.ProcessScanner | Scanned 240 processes (threshold=0.5 MB)
2026-09-10 09:45:18 | DEBUG    | RAMGuard.MainWindow | Process list updated: 240 processes
2026-09-10 09:45:28 | DEBUG    | RAMGuard.ProcessScanner | Scanned 238 processes (threshold=0.5 MB)
2026-09-10 09:45:31 | DEBUG    | RAMGuard.MainWindow | Process list updated: 238 processes
2026-09-10 09:45:41 | DEBUG    | RAMGuard.ProcessScanner | Scanned 236 processes (threshold=0.5 MB)
2026-09-10 09:45:44 | DEBUG    | RAMGuard.MainWindow | Process list updated: 236 processes
2026-09-10 09:45:54 | DEBUG    | RAMGuard.ProcessScanner | Scanned 235 processes (threshold=0.5 MB)
2026-09-10 09:45:57 | DEBUG    | RAMGuard.MainWindow | Process list updated: 235 processes
2026-09-10 09:46:07 | DEBUG    | RAMGuard.ProcessScanner | Scanned 235 processes (threshold=0.5 MB)
2026-09-10 09:46:10 | DEBUG    | RAMGuard.MainWindow | Process list updated: 235 processes
2026-09-10 09:46:21 | DEBUG    | RAMGuard.ProcessScanner | Scanned 234 processes (threshold=0.5 MB)
2026-09-10 09:46:25 | DEBUG    | RAMGuard.MainWindow | Process list updated: 234 processes
2026-09-10 09:46:36 | DEBUG    | RAMGuard.ProcessScanner | Scanned 236 processes (threshold=0.5 MB)
2026-09-10 09:46:40 | DEBUG    | RAMGuard.MainWindow | Process list updated: 236 processes
2026-09-10 09:46:50 | DEBUG    | RAMGuard.ProcessScanner | Scanned 236 processes (threshold=0.5 MB)
2026-09-10 09:46:53 | DEBUG    | RAMGuard.MainWindow | Process list updated: 236 processes
2026-09-10 09:47:02 | DEBUG    | RAMGuard.ProcessScanner | Scanned 236 processes (threshold=0.5 MB)
2026-09-10 09:47:05 | DEBUG    | RAMGuard.MainWindow | Process list updated: 236 processes
2026-09-10 09:47:15 | DEBUG    | RAMGuard.ProcessScanner | Scanned 242 processes (threshold=0.5 MB)
2026-09-10 09:47:17 | DEBUG    | RAMGuard.MainWindow | Process list updated: 242 processes
2026-09-10 09:47:27 | DEBUG    | RAMGuard.ProcessScanner | Scanned 235 processes (threshold=0.5 MB)
2026-09-10 09:47:30 | DEBUG    | RAMGuard.MainWindow | Process list updated: 235 processes
2026-09-10 09:47:39 | DEBUG    | RAMGuard.ProcessScanner | Scanned 236 processes (threshold=0.5 MB)
2026-09-10 09:47:42 | DEBUG    | RAMGuard.MainWindow | Process list updated: 236 processes
2026-09-10 09:47:52 | DEBUG    | RAMGuard.ProcessScanner | Scanned 236 processes (threshold=0.5 MB)
2026-09-10 09:47:55 | DEBUG    | RAMGuard.MainWindow | Process list updated: 236 processes
2026-09-10 09:48:04 | DEBUG    | RAMGuard.ProcessScanner | Scanned 233 processes (threshold=0.5 MB)
2026-09-10 09:48:07 | DEBUG    | RAMGuard.MainWindow | Process list updated: 233 processes
2026-09-10 09:48:16 | DEBUG    | RAMGuard.ProcessScanner | Scanned 231 processes (threshold=0.5 MB)
2026-09-10 09:48:19 | DEBUG    | RAMGuard.MainWindow | Process list updated: 231 processes
2026-09-10 09:48:28 | DEBUG    | RAMGuard.ProcessScanner | Scanned 231 processes (threshold=0.5 MB)
2026-09-10 09:48:32 | DEBUG    | RAMGuard.MainWindow | Process list updated: 231 processes
2026-09-10 09:48:43 | DEBUG    | RAMGuard.ProcessScanner | Scanned 230 processes (threshold=0.5 MB)
2026-09-10 09:48:46 | DEBUG    | RAMGuard.MainWindow | Process list updated: 230 processes
2026-09-10 09:49:06 | DEBUG    | RAMGuard.Config | Config loaded from D:\Poject\Degree Project\16 Memory magement system (RamGuard)(os) Done\config\config.json
2026-09-10 09:49:06 | INFO     | RAMGuard | ============================================================
2026-09-10 09:49:06 | INFO     | RAMGuard | RAMGuard starting up
2026-09-10 09:49:06 | INFO     | RAMGuard | Python: 3.12.10 (tags/v3.12.10:0cc8128, Apr  8 2025, 12:21:36) [MSC v.1943 64 bit (AMD64)]
2026-09-10 09:49:06 | INFO     | RAMGuard | Platform: win32
2026-09-10 09:49:06 | INFO     | RAMGuard | ============================================================
2026-09-10 09:49:09 | INFO     | RAMGuard | Initialising database…
2026-09-10 09:49:09 | INFO     | RAMGuard.Database | Database initialised at D:\Poject\Degree Project\16 Memory magement system (RamGuard)(os) Done\data\ramguard.db
2026-09-10 09:49:09 | INFO     | RAMGuard | Loading configuration…
2026-09-10 09:49:09 | DEBUG    | RAMGuard.Config | Config loaded from D:\Poject\Degree Project\16 Memory magement system (RamGuard)(os) Done\config\config.json
2026-09-10 09:49:09 | INFO     | RAMGuard | Building main window…
2026-09-10 09:49:09 | INFO     | RAMGuard.SafetyManager | ProcessSafetyManager initialised (own PID=20460)
2026-09-10 09:49:09 | INFO     | RAMGuard.MemoryMonitor | MemoryMonitor initialised
2026-09-10 09:49:09 | INFO     | RAMGuard.StartupManager | Loaded 10 startup entries
2026-09-10 09:49:10 | INFO     | RAMGuard.MemoryMonitor | MemoryMonitor initialised
2026-09-10 09:49:10 | DEBUG    | RAMGuard.Workers | MonitorWorker started (interval=3s)
2026-09-10 09:49:10 | INFO     | RAMGuard | RAMGuard started successfully.
2026-09-10 09:49:14 | DEBUG    | RAMGuard.ProcessScanner | Scanned 232 processes (threshold=0.5 MB)
2026-09-10 09:49:17 | DEBUG    | RAMGuard.MainWindow | Process list updated: 232 processes
2026-09-10 09:49:26 | DEBUG    | RAMGuard.ProcessScanner | Scanned 231 processes (threshold=0.5 MB)
2026-09-10 09:49:28 | DEBUG    | RAMGuard.MainWindow | Process list updated: 231 processes
2026-09-10 09:49:39 | DEBUG    | RAMGuard.ProcessScanner | Scanned 234 processes (threshold=0.5 MB)
2026-09-10 09:49:43 | DEBUG    | RAMGuard.MainWindow | Process list updated: 234 processes
2026-09-10 09:49:53 | DEBUG    | RAMGuard.ProcessScanner | Scanned 234 processes (threshold=0.5 MB)
2026-09-10 09:49:56 | DEBUG    | RAMGuard.MainWindow | Process list updated: 234 processes
2026-09-10 09:49:58 | INFO     | RAMGuard.MainWindow | RAMGuard shutting down…
2026-09-10 09:52:22 | DEBUG    | RAMGuard.Config | Config loaded from D:\Poject\Degree Project\16 Memory magement system (RamGuard)(os) Done\config\config.json
2026-09-10 09:52:22 | INFO     | RAMGuard | ============================================================
2026-09-10 09:52:22 | INFO     | RAMGuard | RAMGuard starting up
2026-09-10 09:52:22 | INFO     | RAMGuard | Python: 3.12.10 (tags/v3.12.10:0cc8128, Apr  8 2025, 12:21:36) [MSC v.1943 64 bit (AMD64)]
2026-09-10 09:52:22 | INFO     | RAMGuard | Platform: win32
2026-09-10 09:52:22 | INFO     | RAMGuard | ============================================================
2026-09-10 09:52:25 | INFO     | RAMGuard | Initialising database…
2026-09-10 09:52:25 | INFO     | RAMGuard.Database | Database initialised at D:\Poject\Degree Project\16 Memory magement system (RamGuard)(os) Done\data\ramguard.db
2026-09-10 09:52:25 | INFO     | RAMGuard | Loading configuration…
2026-09-10 09:52:25 | DEBUG    | RAMGuard.Config | Config loaded from D:\Poject\Degree Project\16 Memory magement system (RamGuard)(os) Done\config\config.json
2026-09-10 09:52:25 | INFO     | RAMGuard | Building main window…
2026-09-10 09:52:25 | INFO     | RAMGuard.SafetyManager | ProcessSafetyManager initialised (own PID=16076)
2026-09-10 09:52:25 | INFO     | RAMGuard.MemoryMonitor | MemoryMonitor initialised
2026-09-10 09:52:25 | INFO     | RAMGuard.StartupManager | Loaded 10 startup entries
2026-09-10 09:52:26 | INFO     | RAMGuard.MemoryMonitor | MemoryMonitor initialised
2026-09-10 09:52:26 | DEBUG    | RAMGuard.Workers | MonitorWorker started (interval=3s)
2026-09-10 09:52:26 | INFO     | RAMGuard | RAMGuard started successfully.
2026-09-10 09:52:30 | DEBUG    | RAMGuard.ProcessScanner | Scanned 229 processes (threshold=0.5 MB)
2026-09-10 09:52:32 | DEBUG    | RAMGuard.MainWindow | Process list updated: 229 processes
2026-09-10 09:52:41 | DEBUG    | RAMGuard.ProcessScanner | Scanned 229 processes (threshold=0.5 MB)
2026-09-10 09:52:43 | DEBUG    | RAMGuard.MainWindow | Process list updated: 229 processes
2026-09-10 09:52:52 | DEBUG    | RAMGuard.ProcessScanner | Scanned 229 processes (threshold=0.5 MB)
2026-09-10 09:52:55 | DEBUG    | RAMGuard.MainWindow | Process list updated: 229 processes
2026-09-10 09:53:04 | DEBUG    | RAMGuard.ProcessScanner | Scanned 229 processes (threshold=0.5 MB)
2026-09-10 09:53:06 | DEBUG    | RAMGuard.MainWindow | Process list updated: 229 processes
2026-09-10 09:53:15 | DEBUG    | RAMGuard.ProcessScanner | Scanned 229 processes (threshold=0.5 MB)
2026-09-10 09:53:17 | DEBUG    | RAMGuard.MainWindow | Process list updated: 229 processes
2026-09-10 09:53:26 | DEBUG    | RAMGuard.ProcessScanner | Scanned 229 processes (threshold=0.5 MB)
2026-09-10 09:53:28 | DEBUG    | RAMGuard.MainWindow | Process list updated: 229 processes
2026-09-10 09:53:37 | DEBUG    | RAMGuard.ProcessScanner | Scanned 229 processes (threshold=0.5 MB)
2026-09-10 09:53:40 | DEBUG    | RAMGuard.MainWindow | Process list updated: 229 processes
2026-09-10 09:53:48 | DEBUG    | RAMGuard.ProcessScanner | Scanned 229 processes (threshold=0.5 MB)
2026-09-10 09:53:51 | DEBUG    | RAMGuard.MainWindow | Process list updated: 229 processes
2026-09-10 09:53:59 | DEBUG    | RAMGuard.ProcessScanner | Scanned 228 processes (threshold=0.5 MB)
2026-09-10 09:54:01 | DEBUG    | RAMGuard.MainWindow | Process list updated: 228 processes
2026-09-10 09:54:10 | DEBUG    | RAMGuard.ProcessScanner | Scanned 229 processes (threshold=0.5 MB)
2026-09-10 09:54:12 | DEBUG    | RAMGuard.MainWindow | Process list updated: 229 processes
2026-09-10 09:54:22 | DEBUG    | RAMGuard.ProcessScanner | Scanned 229 processes (threshold=0.5 MB)
2026-09-10 09:54:24 | DEBUG    | RAMGuard.MainWindow | Process list updated: 229 processes
2026-09-10 09:54:34 | DEBUG    | RAMGuard.ProcessScanner | Scanned 232 processes (threshold=0.5 MB)
2026-09-10 09:54:37 | DEBUG    | RAMGuard.MainWindow | Process list updated: 232 processes
2026-09-10 09:54:49 | DEBUG    | RAMGuard.ProcessScanner | Scanned 232 processes (threshold=0.5 MB)
2026-09-10 09:55:33 | DEBUG    | RAMGuard.Config | Config loaded from D:\Poject\Degree Project\16 Memory magement system (RamGuard)(os) Done\config\config.json
2026-09-10 09:55:33 | INFO     | RAMGuard | ============================================================
2026-09-10 09:55:33 | INFO     | RAMGuard | RAMGuard starting up
2026-09-10 09:55:33 | INFO     | RAMGuard | Python: 3.12.10 (tags/v3.12.10:0cc8128, Apr  8 2025, 12:21:36) [MSC v.1943 64 bit (AMD64)]
2026-09-10 09:55:33 | INFO     | RAMGuard | Platform: win32
2026-09-10 09:55:33 | INFO     | RAMGuard | ============================================================
2026-09-10 09:55:38 | INFO     | RAMGuard | Initialising database…
2026-09-10 09:55:38 | INFO     | RAMGuard.Database | Database initialised at D:\Poject\Degree Project\16 Memory magement system (RamGuard)(os) Done\data\ramguard.db
2026-09-10 09:55:38 | INFO     | RAMGuard | Loading configuration…
2026-09-10 09:55:38 | DEBUG    | RAMGuard.Config | Config loaded from D:\Poject\Degree Project\16 Memory magement system (RamGuard)(os) Done\config\config.json
2026-09-10 09:55:38 | INFO     | RAMGuard | Building main window…
2026-09-10 09:55:38 | INFO     | RAMGuard.SafetyManager | ProcessSafetyManager initialised (own PID=13416)
2026-09-10 09:55:38 | INFO     | RAMGuard.MemoryMonitor | MemoryMonitor initialised
2026-09-10 09:55:38 | INFO     | RAMGuard.StartupManager | Loaded 9 startup entries
2026-09-10 09:55:39 | INFO     | RAMGuard.MemoryMonitor | MemoryMonitor initialised
2026-09-10 09:55:39 | DEBUG    | RAMGuard.Workers | MonitorWorker started (interval=3s)
2026-09-10 09:55:39 | INFO     | RAMGuard | RAMGuard started successfully.
2026-09-10 09:55:43 | DEBUG    | RAMGuard.ProcessScanner | Scanned 224 processes (threshold=0.5 MB)
2026-09-10 09:55:45 | DEBUG    | RAMGuard.MainWindow | Process list updated: 224 processes
2026-09-10 09:55:54 | DEBUG    | RAMGuard.ProcessScanner | Scanned 223 processes (threshold=0.5 MB)
2026-09-10 09:55:56 | DEBUG    | RAMGuard.MainWindow | Process list updated: 223 processes
2026-09-10 09:56:05 | DEBUG    | RAMGuard.ProcessScanner | Scanned 223 processes (threshold=0.5 MB)
2026-09-10 09:56:07 | DEBUG    | RAMGuard.MainWindow | Process list updated: 223 processes
2026-09-10 09:56:16 | DEBUG    | RAMGuard.ProcessScanner | Scanned 223 processes (threshold=0.5 MB)
2026-09-10 09:56:18 | DEBUG    | RAMGuard.MainWindow | Process list updated: 223 processes
2026-09-10 09:56:26 | DEBUG    | RAMGuard.ProcessScanner | Scanned 223 processes (threshold=0.5 MB)
2026-09-10 09:56:29 | DEBUG    | RAMGuard.MainWindow | Process list updated: 223 processes
2026-09-10 09:56:37 | DEBUG    | RAMGuard.ProcessScanner | Scanned 221 processes (threshold=0.5 MB)
2026-09-10 09:56:39 | DEBUG    | RAMGuard.MainWindow | Process list updated: 221 processes
2026-09-10 09:56:48 | DEBUG    | RAMGuard.ProcessScanner | Scanned 219 processes (threshold=0.5 MB)
2026-09-10 09:56:50 | DEBUG    | RAMGuard.MainWindow | Process list updated: 219 processes
2026-09-10 09:57:00 | DEBUG    | RAMGuard.ProcessScanner | Scanned 217 processes (threshold=0.5 MB)
2026-09-10 09:57:02 | DEBUG    | RAMGuard.MainWindow | Process list updated: 217 processes
2026-09-10 09:57:11 | DEBUG    | RAMGuard.ProcessScanner | Scanned 216 processes (threshold=0.5 MB)
2026-09-10 09:57:14 | DEBUG    | RAMGuard.MainWindow | Process list updated: 216 processes
2026-09-10 09:57:23 | DEBUG    | RAMGuard.ProcessScanner | Scanned 216 processes (threshold=0.5 MB)
2026-09-10 09:57:26 | DEBUG    | RAMGuard.MainWindow | Process list updated: 216 processes
2026-09-10 09:57:36 | DEBUG    | RAMGuard.ProcessScanner | Scanned 215 processes (threshold=0.5 MB)
2026-09-10 09:57:39 | DEBUG    | RAMGuard.MainWindow | Process list updated: 215 processes
2026-09-10 09:57:48 | DEBUG    | RAMGuard.ProcessScanner | Scanned 214 processes (threshold=0.5 MB)
2026-09-10 09:57:51 | DEBUG    | RAMGuard.MainWindow | Process list updated: 214 processes
2026-09-10 09:58:01 | DEBUG    | RAMGuard.ProcessScanner | Scanned 214 processes (threshold=0.5 MB)
2026-09-10 09:58:03 | DEBUG    | RAMGuard.MainWindow | Process list updated: 214 processes
2026-09-10 09:58:11 | INFO     | RAMGuard.MainWindow | RAMGuard shutting down…
2026-09-10 09:58:13 | DEBUG    | RAMGuard.ProcessScanner | Scanned 214 processes (threshold=0.5 MB)
2026-09-10 09:58:33 | DEBUG    | RAMGuard.Config | Config loaded from D:\Poject\Degree Project\16 Memory magement system (RamGuard)(os) Done\config\config.json
2026-09-10 09:58:33 | INFO     | RAMGuard | ============================================================
2026-09-10 09:58:33 | INFO     | RAMGuard | RAMGuard starting up
2026-09-10 09:58:33 | INFO     | RAMGuard | Python: 3.12.10 (tags/v3.12.10:0cc8128, Apr  8 2025, 12:21:36) [MSC v.1943 64 bit (AMD64)]
2026-09-10 09:58:33 | INFO     | RAMGuard | Platform: win32
2026-09-10 09:58:33 | INFO     | RAMGuard | ============================================================
2026-09-10 09:58:36 | INFO     | RAMGuard | Initialising database…
2026-09-10 09:58:36 | INFO     | RAMGuard.Database | Database initialised at D:\Poject\Degree Project\16 Memory magement system (RamGuard)(os) Done\data\ramguard.db
2026-09-10 09:58:36 | INFO     | RAMGuard | Loading configuration…
2026-09-10 09:58:36 | DEBUG    | RAMGuard.Config | Config loaded from D:\Poject\Degree Project\16 Memory magement system (RamGuard)(os) Done\config\config.json
2026-09-10 09:58:36 | INFO     | RAMGuard | Building main window…
2026-09-10 09:58:36 | INFO     | RAMGuard.SafetyManager | ProcessSafetyManager initialised (own PID=16800)
2026-09-10 09:58:36 | INFO     | RAMGuard.MemoryMonitor | MemoryMonitor initialised
2026-09-10 09:58:36 | INFO     | RAMGuard.StartupManager | Loaded 9 startup entries
2026-09-10 09:58:37 | INFO     | RAMGuard.MemoryMonitor | MemoryMonitor initialised
2026-09-10 09:58:37 | DEBUG    | RAMGuard.Workers | MonitorWorker started (interval=3s)
2026-09-10 09:58:37 | INFO     | RAMGuard | RAMGuard started successfully.
2026-09-10 09:58:40 | DEBUG    | RAMGuard.ProcessScanner | Scanned 217 processes (threshold=0.5 MB)
2026-09-10 09:58:43 | DEBUG    | RAMGuard.MainWindow | Process list updated: 217 processes
2026-09-10 09:58:51 | DEBUG    | RAMGuard.ProcessScanner | Scanned 217 processes (threshold=0.5 MB)
2026-09-10 09:58:53 | DEBUG    | RAMGuard.MainWindow | Process list updated: 217 processes
2026-09-10 09:59:01 | DEBUG    | RAMGuard.ProcessScanner | Scanned 217 processes (threshold=0.5 MB)
2026-09-10 09:59:04 | DEBUG    | RAMGuard.MainWindow | Process list updated: 217 processes
2026-09-10 09:59:14 | DEBUG    | RAMGuard.ProcessScanner | Scanned 217 processes (threshold=0.5 MB)
2026-09-10 09:59:16 | DEBUG    | RAMGuard.MainWindow | Process list updated: 217 processes
2026-09-10 09:59:26 | DEBUG    | RAMGuard.ProcessScanner | Scanned 217 processes (threshold=0.5 MB)
2026-09-10 09:59:28 | DEBUG    | RAMGuard.MainWindow | Process list updated: 217 processes
2026-09-10 09:59:38 | DEBUG    | RAMGuard.ProcessScanner | Scanned 217 processes (threshold=0.5 MB)
2026-09-10 09:59:40 | DEBUG    | RAMGuard.MainWindow | Process list updated: 217 processes
2026-09-10 09:59:50 | DEBUG    | RAMGuard.ProcessScanner | Scanned 217 processes (threshold=0.5 MB)
2026-09-10 09:59:52 | DEBUG    | RAMGuard.MainWindow | Process list updated: 217 processes
2026-09-10 10:00:01 | DEBUG    | RAMGuard.ProcessScanner | Scanned 217 processes (threshold=0.5 MB)
2026-09-10 10:00:11 | DEBUG    | RAMGuard.Config | Config loaded from D:\Poject\Degree Project\16 Memory magement system (RamGuard)(os) Done\config\config.json
2026-09-10 10:00:11 | INFO     | RAMGuard | ============================================================
2026-09-10 10:00:11 | INFO     | RAMGuard | RAMGuard starting up
2026-09-10 10:00:11 | INFO     | RAMGuard | Python: 3.12.10 (tags/v3.12.10:0cc8128, Apr  8 2025, 12:21:36) [MSC v.1943 64 bit (AMD64)]
2026-09-10 10:00:11 | INFO     | RAMGuard | Platform: win32
2026-09-10 10:00:11 | INFO     | RAMGuard | ============================================================
2026-09-10 10:00:13 | INFO     | RAMGuard | Initialising database…
2026-09-10 10:00:13 | INFO     | RAMGuard.Database | Database initialised at D:\Poject\Degree Project\16 Memory magement system (RamGuard)(os) Done\data\ramguard.db
2026-09-10 10:00:13 | INFO     | RAMGuard | Loading configuration…
2026-09-10 10:00:13 | DEBUG    | RAMGuard.Config | Config loaded from D:\Poject\Degree Project\16 Memory magement system (RamGuard)(os) Done\config\config.json
2026-09-10 10:00:13 | INFO     | RAMGuard | Building main window…
2026-09-10 10:00:13 | INFO     | RAMGuard.SafetyManager | ProcessSafetyManager initialised (own PID=17996)
2026-09-10 10:00:13 | INFO     | RAMGuard.MemoryMonitor | MemoryMonitor initialised
2026-09-10 10:00:13 | INFO     | RAMGuard.StartupManager | Loaded 9 startup entries
2026-09-10 10:00:14 | INFO     | RAMGuard.MemoryMonitor | MemoryMonitor initialised
2026-09-10 10:00:14 | DEBUG    | RAMGuard.Workers | MonitorWorker started (interval=3s)
2026-09-10 10:00:14 | INFO     | RAMGuard | RAMGuard started successfully.
2026-09-10 10:00:17 | DEBUG    | RAMGuard.ProcessScanner | Scanned 218 processes (threshold=0.5 MB)
2026-09-10 10:00:19 | DEBUG    | RAMGuard.MainWindow | Process list updated: 218 processes
2026-09-10 10:00:27 | DEBUG    | RAMGuard.ProcessScanner | Scanned 218 processes (threshold=0.5 MB)
2026-09-10 10:00:29 | DEBUG    | RAMGuard.MainWindow | Process list updated: 218 processes
2026-09-10 10:00:37 | DEBUG    | RAMGuard.ProcessScanner | Scanned 219 processes (threshold=0.5 MB)
2026-09-10 10:00:39 | DEBUG    | RAMGuard.MainWindow | Process list updated: 219 processes
2026-09-10 10:00:48 | DEBUG    | RAMGuard.ProcessScanner | Scanned 220 processes (threshold=0.5 MB)
2026-09-10 10:00:50 | DEBUG    | RAMGuard.MainWindow | Process list updated: 220 processes
2026-09-10 10:00:58 | DEBUG    | RAMGuard.ProcessScanner | Scanned 220 processes (threshold=0.5 MB)
2026-09-10 10:01:00 | DEBUG    | RAMGuard.MainWindow | Process list updated: 220 processes
2026-09-10 10:01:09 | DEBUG    | RAMGuard.ProcessScanner | Scanned 220 processes (threshold=0.5 MB)
2026-09-10 10:01:12 | DEBUG    | RAMGuard.MainWindow | Process list updated: 220 processes
2026-09-10 10:01:20 | DEBUG    | RAMGuard.ProcessScanner | Scanned 220 processes (threshold=0.5 MB)
2026-09-10 10:01:23 | DEBUG    | RAMGuard.MainWindow | Process list updated: 220 processes
2026-09-10 10:01:31 | DEBUG    | RAMGuard.ProcessScanner | Scanned 220 processes (threshold=0.5 MB)
2026-09-10 10:01:33 | DEBUG    | RAMGuard.MainWindow | Process list updated: 220 processes
2026-09-10 10:01:42 | DEBUG    | RAMGuard.ProcessScanner | Scanned 221 processes (threshold=0.5 MB)
2026-09-10 10:01:45 | DEBUG    | RAMGuard.MainWindow | Process list updated: 221 processes
2026-09-10 10:01:54 | DEBUG    | RAMGuard.ProcessScanner | Scanned 221 processes (threshold=0.5 MB)
2026-09-10 10:01:57 | DEBUG    | RAMGuard.MainWindow | Process list updated: 221 processes
2026-09-10 10:02:06 | DEBUG    | RAMGuard.ProcessScanner | Scanned 221 processes (threshold=0.5 MB)
2026-09-10 10:02:09 | DEBUG    | RAMGuard.MainWindow | Process list updated: 221 processes
2026-09-10 10:02:21 | DEBUG    | RAMGuard.ProcessScanner | Scanned 220 processes (threshold=0.5 MB)
2026-09-10 10:02:24 | DEBUG    | RAMGuard.MainWindow | Process list updated: 220 processes
2026-09-10 10:02:34 | DEBUG    | RAMGuard.ProcessScanner | Scanned 220 processes (threshold=0.5 MB)
2026-09-10 10:02:51 | DEBUG    | RAMGuard.Config | Config loaded from D:\Poject\Degree Project\16 Memory magement system (RamGuard)(os) Done\config\config.json
2026-09-10 10:02:51 | INFO     | RAMGuard | ============================================================
2026-09-10 10:02:51 | INFO     | RAMGuard | RAMGuard starting up
2026-09-10 10:02:51 | INFO     | RAMGuard | Python: 3.12.10 (tags/v3.12.10:0cc8128, Apr  8 2025, 12:21:36) [MSC v.1943 64 bit (AMD64)]
2026-09-10 10:02:51 | INFO     | RAMGuard | Platform: win32
2026-09-10 10:02:51 | INFO     | RAMGuard | ============================================================
2026-09-10 10:02:53 | INFO     | RAMGuard | Initialising database…
2026-09-10 10:02:53 | INFO     | RAMGuard.Database | Database initialised at D:\Poject\Degree Project\16 Memory magement system (RamGuard)(os) Done\data\ramguard.db
2026-09-10 10:02:53 | INFO     | RAMGuard | Loading configuration…
2026-09-10 10:02:53 | DEBUG    | RAMGuard.Config | Config loaded from D:\Poject\Degree Project\16 Memory magement system (RamGuard)(os) Done\config\config.json
2026-09-10 10:02:53 | INFO     | RAMGuard | Building main window…
2026-09-10 10:02:53 | INFO     | RAMGuard.SafetyManager | ProcessSafetyManager initialised (own PID=21232)
2026-09-10 10:02:53 | INFO     | RAMGuard.MemoryMonitor | MemoryMonitor initialised
2026-09-10 10:02:54 | INFO     | RAMGuard.StartupManager | Loaded 9 startup entries
2026-09-10 10:02:54 | INFO     | RAMGuard.MemoryMonitor | MemoryMonitor initialised
2026-09-10 10:02:54 | DEBUG    | RAMGuard.Workers | MonitorWorker started (interval=3s)
2026-09-10 10:02:54 | INFO     | RAMGuard | RAMGuard started successfully.
2026-09-10 10:02:58 | DEBUG    | RAMGuard.ProcessScanner | Scanned 221 processes (threshold=0.5 MB)
2026-09-10 10:03:00 | DEBUG    | RAMGuard.MainWindow | Process list updated: 221 processes
2026-09-10 10:03:08 | DEBUG    | RAMGuard.ProcessScanner | Scanned 221 processes (threshold=0.5 MB)
2026-09-10 10:03:11 | DEBUG    | RAMGuard.MainWindow | Process list updated: 221 processes
2026-09-10 10:03:19 | DEBUG    | RAMGuard.ProcessScanner | Scanned 221 processes (threshold=0.5 MB)
2026-09-10 10:03:21 | DEBUG    | RAMGuard.MainWindow | Process list updated: 221 processes
2026-09-10 10:03:29 | DEBUG    | RAMGuard.ProcessScanner | Scanned 220 processes (threshold=0.5 MB)
2026-09-10 10:03:31 | DEBUG    | RAMGuard.MainWindow | Process list updated: 220 processes
2026-09-10 10:03:39 | DEBUG    | RAMGuard.ProcessScanner | Scanned 220 processes (threshold=0.5 MB)
2026-09-10 10:03:41 | DEBUG    | RAMGuard.MainWindow | Process list updated: 220 processes
2026-09-10 10:03:50 | DEBUG    | RAMGuard.ProcessScanner | Scanned 220 processes (threshold=0.5 MB)
2026-09-10 10:03:52 | DEBUG    | RAMGuard.MainWindow | Process list updated: 220 processes
2026-09-10 10:04:00 | DEBUG    | RAMGuard.ProcessScanner | Scanned 220 processes (threshold=0.5 MB)
2026-09-10 10:04:02 | DEBUG    | RAMGuard.MainWindow | Process list updated: 220 processes
2026-09-10 10:04:11 | DEBUG    | RAMGuard.ProcessScanner | Scanned 220 processes (threshold=0.5 MB)
2026-09-10 10:04:13 | DEBUG    | RAMGuard.MainWindow | Process list updated: 220 processes
2026-09-10 10:04:21 | DEBUG    | RAMGuard.ProcessScanner | Scanned 220 processes (threshold=0.5 MB)
2026-09-10 10:04:23 | DEBUG    | RAMGuard.MainWindow | Process list updated: 220 processes
2026-09-10 10:04:31 | DEBUG    | RAMGuard.ProcessScanner | Scanned 220 processes (threshold=0.5 MB)
2026-09-10 10:04:33 | DEBUG    | RAMGuard.MainWindow | Process list updated: 220 processes
2026-09-10 10:04:41 | DEBUG    | RAMGuard.ProcessScanner | Scanned 219 processes (threshold=0.5 MB)
2026-09-10 10:04:43 | DEBUG    | RAMGuard.MainWindow | Process list updated: 219 processes
2026-09-10 10:04:51 | DEBUG    | RAMGuard.ProcessScanner | Scanned 219 processes (threshold=0.5 MB)
2026-09-10 10:04:53 | DEBUG    | RAMGuard.MainWindow | Process list updated: 219 processes
2026-09-10 10:05:01 | INFO     | RAMGuard.Optimizer | Starting SAFE optimization for 1 process(es).
2026-09-10 10:05:01 | INFO     | RAMGuard.Optimizer | Closing 'MemCompression' (PID 3496) gracefully…
2026-09-10 10:05:01 | INFO     | RAMGuard.Optimizer | ⚠ Cannot close 'MemCompression' — Windows denied access.
2026-09-10 10:05:01 | INFO     | RAMGuard.Optimizer | Waiting 1.5s for memory to settle…
2026-09-10 10:05:02 | DEBUG    | RAMGuard.ProcessScanner | Scanned 232 processes (threshold=0.5 MB)
2026-09-10 10:05:03 | INFO     | RAMGuard.Optimizer | Optimization complete: 0 closed, 1 failed, ~0 MB freed.
2026-09-10 10:05:05 | DEBUG    | RAMGuard.MainWindow | Process list updated: 232 processes
2026-09-10 10:05:05 | INFO     | RAMGuard.Database | Saved optimization session #6
2026-09-10 10:05:08 | DEBUG    | RAMGuard.ProcessScanner | Scanned 233 processes (threshold=0.5 MB)
2026-09-10 10:05:11 | DEBUG    | RAMGuard.MainWindow | Process list updated: 233 processes
2026-09-10 10:05:15 | DEBUG    | RAMGuard.ProcessScanner | Scanned 233 processes (threshold=0.5 MB)
2026-09-10 10:05:17 | DEBUG    | RAMGuard.MainWindow | Process list updated: 233 processes
2026-09-10 10:05:21 | DEBUG    | RAMGuard.ProcessScanner | Scanned 235 processes (threshold=0.5 MB)
2026-09-10 10:05:23 | DEBUG    | RAMGuard.MainWindow | Process list updated: 235 processes
2026-09-10 10:05:28 | DEBUG    | RAMGuard.ProcessScanner | Scanned 232 processes (threshold=0.5 MB)
2026-09-10 10:05:30 | DEBUG    | RAMGuard.MainWindow | Process list updated: 232 processes
2026-09-10 10:05:34 | DEBUG    | RAMGuard.ProcessScanner | Scanned 240 processes (threshold=0.5 MB)
2026-09-10 10:05:37 | DEBUG    | RAMGuard.MainWindow | Process list updated: 240 processes
2026-09-10 10:05:41 | DEBUG    | RAMGuard.ProcessScanner | Scanned 239 processes (threshold=0.5 MB)
2026-09-10 10:05:43 | DEBUG    | RAMGuard.MainWindow | Process list updated: 239 processes
2026-09-10 10:05:47 | DEBUG    | RAMGuard.ProcessScanner | Scanned 235 processes (threshold=0.5 MB)
2026-09-10 10:05:50 | DEBUG    | RAMGuard.MainWindow | Process list updated: 235 processes
2026-09-10 10:05:54 | DEBUG    | RAMGuard.ProcessScanner | Scanned 222 processes (threshold=0.5 MB)
2026-09-10 10:06:12 | DEBUG    | RAMGuard.Config | Config loaded from D:\Poject\Degree Project\16 Memory magement system (RamGuard)(os) Done\config\config.json
2026-09-10 10:06:12 | INFO     | RAMGuard | ============================================================
2026-09-10 10:06:12 | INFO     | RAMGuard | RAMGuard starting up
2026-09-10 10:06:12 | INFO     | RAMGuard | Python: 3.12.10 (tags/v3.12.10:0cc8128, Apr  8 2025, 12:21:36) [MSC v.1943 64 bit (AMD64)]
2026-09-10 10:06:12 | INFO     | RAMGuard | Platform: win32
2026-09-10 10:06:12 | INFO     | RAMGuard | ============================================================
2026-09-10 10:06:14 | INFO     | RAMGuard | Initialising database…
2026-09-10 10:06:14 | INFO     | RAMGuard.Database | Database initialised at D:\Poject\Degree Project\16 Memory magement system (RamGuard)(os) Done\data\ramguard.db
2026-09-10 10:06:14 | INFO     | RAMGuard | Loading configuration…
2026-09-10 10:06:14 | DEBUG    | RAMGuard.Config | Config loaded from D:\Poject\Degree Project\16 Memory magement system (RamGuard)(os) Done\config\config.json
2026-09-10 10:06:14 | INFO     | RAMGuard | Building main window…
2026-09-10 10:06:14 | INFO     | RAMGuard.SafetyManager | ProcessSafetyManager initialised (own PID=20960)
2026-09-10 10:06:14 | INFO     | RAMGuard.MemoryMonitor | MemoryMonitor initialised
2026-09-10 10:06:15 | INFO     | RAMGuard.StartupManager | Loaded 9 startup entries
2026-09-10 10:06:15 | INFO     | RAMGuard.MemoryMonitor | MemoryMonitor initialised
2026-09-10 10:06:15 | DEBUG    | RAMGuard.Workers | MonitorWorker started (interval=3s)
2026-09-10 10:06:15 | INFO     | RAMGuard | RAMGuard started successfully.
2026-09-10 10:06:19 | DEBUG    | RAMGuard.ProcessScanner | Scanned 223 processes (threshold=0.5 MB)
2026-09-10 10:06:22 | DEBUG    | RAMGuard.MainWindow | Process list updated: 223 processes
2026-09-10 10:06:30 | DEBUG    | RAMGuard.ProcessScanner | Scanned 223 processes (threshold=0.5 MB)
2026-09-10 10:06:33 | DEBUG    | RAMGuard.MainWindow | Process list updated: 223 processes
2026-09-10 10:06:41 | DEBUG    | RAMGuard.ProcessScanner | Scanned 223 processes (threshold=0.5 MB)
2026-09-10 10:06:44 | DEBUG    | RAMGuard.MainWindow | Process list updated: 223 processes
2026-09-10 10:06:52 | DEBUG    | RAMGuard.ProcessScanner | Scanned 223 processes (threshold=0.5 MB)
2026-09-10 10:06:54 | DEBUG    | RAMGuard.MainWindow | Process list updated: 223 processes
2026-09-10 10:07:03 | DEBUG    | RAMGuard.ProcessScanner | Scanned 223 processes (threshold=0.5 MB)
2026-09-10 10:07:05 | DEBUG    | RAMGuard.MainWindow | Process list updated: 223 processes
2026-09-10 10:07:14 | DEBUG    | RAMGuard.ProcessScanner | Scanned 223 processes (threshold=0.5 MB)
2026-09-10 10:07:17 | DEBUG    | RAMGuard.MainWindow | Process list updated: 223 processes
2026-09-10 10:07:26 | DEBUG    | RAMGuard.ProcessScanner | Scanned 223 processes (threshold=0.5 MB)
2026-09-10 10:07:29 | DEBUG    | RAMGuard.MainWindow | Process list updated: 223 processes
2026-09-10 10:07:39 | DEBUG    | RAMGuard.ProcessScanner | Scanned 220 processes (threshold=0.5 MB)
2026-09-10 10:07:41 | DEBUG    | RAMGuard.MainWindow | Process list updated: 220 processes
2026-09-10 10:07:41 | INFO     | RAMGuard.SystemUtils | Disabled startup entry: Steam
2026-09-10 10:07:41 | INFO     | RAMGuard.StartupManager | Loaded 8 startup entries
2026-09-10 10:07:44 | INFO     | RAMGuard.StartupManager | Loaded 8 startup entries
2026-09-10 10:07:50 | DEBUG    | RAMGuard.ProcessScanner | Scanned 221 processes (threshold=0.5 MB)
2026-09-10 10:07:53 | DEBUG    | RAMGuard.MainWindow | Process list updated: 221 processes
2026-09-10 10:08:02 | DEBUG    | RAMGuard.ProcessScanner | Scanned 220 processes (threshold=0.5 MB)
2026-09-10 10:08:05 | DEBUG    | RAMGuard.MainWindow | Process list updated: 220 processes
2026-09-10 10:08:14 | DEBUG    | RAMGuard.ProcessScanner | Scanned 220 processes (threshold=0.5 MB)
2026-09-10 10:08:17 | DEBUG    | RAMGuard.MainWindow | Process list updated: 220 processes
2026-09-10 10:08:27 | DEBUG    | RAMGuard.ProcessScanner | Scanned 220 processes (threshold=0.5 MB)
2026-09-10 10:09:15 | DEBUG    | RAMGuard.Config | Config loaded from D:\Poject\Degree Project\16 Memory magement system (RamGuard)(os) Done\config\config.json
2026-09-10 10:09:15 | INFO     | RAMGuard | ============================================================
2026-09-10 10:09:15 | INFO     | RAMGuard | RAMGuard starting up
2026-09-10 10:09:15 | INFO     | RAMGuard | Python: 3.12.10 (tags/v3.12.10:0cc8128, Apr  8 2025, 12:21:36) [MSC v.1943 64 bit (AMD64)]
2026-09-10 10:09:15 | INFO     | RAMGuard | Platform: win32
2026-09-10 10:09:15 | INFO     | RAMGuard | ============================================================
2026-09-10 10:09:17 | INFO     | RAMGuard | Initialising database…
2026-09-10 10:09:17 | INFO     | RAMGuard.Database | Database initialised at D:\Poject\Degree Project\16 Memory magement system (RamGuard)(os) Done\data\ramguard.db
2026-09-10 10:09:17 | INFO     | RAMGuard | Loading configuration…
2026-09-10 10:09:17 | DEBUG    | RAMGuard.Config | Config loaded from D:\Poject\Degree Project\16 Memory magement system (RamGuard)(os) Done\config\config.json
2026-09-10 10:09:17 | INFO     | RAMGuard | Building main window…
2026-09-10 10:09:17 | INFO     | RAMGuard.SafetyManager | ProcessSafetyManager initialised (own PID=11808)
2026-09-10 10:09:17 | INFO     | RAMGuard.MemoryMonitor | MemoryMonitor initialised
2026-09-10 10:09:18 | INFO     | RAMGuard.StartupManager | Loaded 8 startup entries
2026-09-10 10:09:18 | INFO     | RAMGuard.MemoryMonitor | MemoryMonitor initialised
2026-09-10 10:09:18 | DEBUG    | RAMGuard.Workers | MonitorWorker started (interval=3s)
2026-09-10 10:09:18 | INFO     | RAMGuard | RAMGuard started successfully.
2026-09-10 10:09:22 | DEBUG    | RAMGuard.ProcessScanner | Scanned 223 processes (threshold=0.5 MB)
2026-09-10 10:09:24 | DEBUG    | RAMGuard.MainWindow | Process list updated: 223 processes
2026-09-10 10:09:32 | DEBUG    | RAMGuard.ProcessScanner | Scanned 223 processes (threshold=0.5 MB)
2026-09-10 10:09:34 | DEBUG    | RAMGuard.MainWindow | Process list updated: 223 processes
2026-09-10 10:09:43 | DEBUG    | RAMGuard.ProcessScanner | Scanned 223 processes (threshold=0.5 MB)
2026-09-10 10:09:46 | DEBUG    | RAMGuard.MainWindow | Process list updated: 223 processes
2026-09-10 10:09:54 | DEBUG    | RAMGuard.ProcessScanner | Scanned 222 processes (threshold=0.5 MB)
2026-09-10 10:09:56 | DEBUG    | RAMGuard.MainWindow | Process list updated: 222 processes
2026-09-10 10:10:05 | DEBUG    | RAMGuard.ProcessScanner | Scanned 222 processes (threshold=0.5 MB)
2026-09-10 10:10:07 | DEBUG    | RAMGuard.MainWindow | Process list updated: 222 processes
2026-09-10 10:10:16 | DEBUG    | RAMGuard.ProcessScanner | Scanned 225 processes (threshold=0.5 MB)
2026-09-10 10:10:20 | DEBUG    | RAMGuard.MainWindow | Process list updated: 225 processes
2026-09-10 10:10:29 | DEBUG    | RAMGuard.ProcessScanner | Scanned 224 processes (threshold=0.5 MB)
2026-09-10 10:10:32 | DEBUG    | RAMGuard.MainWindow | Process list updated: 224 processes
2026-09-10 10:10:42 | DEBUG    | RAMGuard.ProcessScanner | Scanned 223 processes (threshold=0.5 MB)
2026-09-10 10:10:45 | DEBUG    | RAMGuard.MainWindow | Process list updated: 223 processes
2026-09-10 10:10:55 | DEBUG    | RAMGuard.ProcessScanner | Scanned 223 processes (threshold=0.5 MB)
2026-09-10 10:10:58 | DEBUG    | RAMGuard.MainWindow | Process list updated: 223 processes
2026-09-10 10:11:08 | DEBUG    | RAMGuard.ProcessScanner | Scanned 223 processes (threshold=0.5 MB)
2026-09-10 10:11:10 | DEBUG    | RAMGuard.MainWindow | Process list updated: 223 processes
2026-09-10 10:11:20 | DEBUG    | RAMGuard.ProcessScanner | Scanned 223 processes (threshold=0.5 MB)
2026-09-10 10:11:23 | DEBUG    | RAMGuard.MainWindow | Process list updated: 223 processes
2026-09-10 10:11:32 | DEBUG    | RAMGuard.ProcessScanner | Scanned 223 processes (threshold=0.5 MB)
2026-09-10 10:11:35 | DEBUG    | RAMGuard.MainWindow | Process list updated: 223 processes
2026-09-10 10:11:44 | DEBUG    | RAMGuard.ProcessScanner | Scanned 220 processes (threshold=0.5 MB)
2026-09-10 10:11:58 | DEBUG    | RAMGuard.Config | Config loaded from D:\Poject\Degree Project\16 Memory magement system (RamGuard)(os) Done\config\config.json
2026-09-10 10:11:58 | INFO     | RAMGuard | ============================================================
2026-09-10 10:11:58 | INFO     | RAMGuard | RAMGuard starting up
2026-09-10 10:11:58 | INFO     | RAMGuard | Python: 3.12.10 (tags/v3.12.10:0cc8128, Apr  8 2025, 12:21:36) [MSC v.1943 64 bit (AMD64)]
2026-09-10 10:11:58 | INFO     | RAMGuard | Platform: win32
2026-09-10 10:11:58 | INFO     | RAMGuard | ============================================================
2026-09-10 10:12:00 | INFO     | RAMGuard | Initialising database…
2026-09-10 10:12:00 | INFO     | RAMGuard.Database | Database initialised at D:\Poject\Degree Project\16 Memory magement system (RamGuard)(os) Done\data\ramguard.db
2026-09-10 10:12:00 | INFO     | RAMGuard | Loading configuration…
2026-09-10 10:12:00 | DEBUG    | RAMGuard.Config | Config loaded from D:\Poject\Degree Project\16 Memory magement system (RamGuard)(os) Done\config\config.json
2026-09-10 10:12:00 | INFO     | RAMGuard | Building main window…
2026-09-10 10:12:00 | INFO     | RAMGuard.SafetyManager | ProcessSafetyManager initialised (own PID=5968)
2026-09-10 10:12:00 | INFO     | RAMGuard.MemoryMonitor | MemoryMonitor initialised
2026-09-10 10:12:00 | INFO     | RAMGuard.StartupManager | Loaded 8 startup entries
2026-09-10 10:12:00 | INFO     | RAMGuard.MemoryMonitor | MemoryMonitor initialised
2026-09-10 10:12:00 | DEBUG    | RAMGuard.Workers | MonitorWorker started (interval=3s)
2026-09-10 10:12:00 | INFO     | RAMGuard | RAMGuard started successfully.
2026-09-10 10:12:04 | DEBUG    | RAMGuard.ProcessScanner | Scanned 219 processes (threshold=0.5 MB)
2026-09-10 10:12:07 | DEBUG    | RAMGuard.MainWindow | Process list updated: 219 processes
2026-09-10 10:12:15 | DEBUG    | RAMGuard.ProcessScanner | Scanned 219 processes (threshold=0.5 MB)
2026-09-10 10:12:17 | DEBUG    | RAMGuard.MainWindow | Process list updated: 219 processes
2026-09-10 10:12:25 | DEBUG    | RAMGuard.ProcessScanner | Scanned 219 processes (threshold=0.5 MB)
2026-09-10 10:12:27 | DEBUG    | RAMGuard.MainWindow | Process list updated: 219 processes
2026-09-10 10:12:35 | DEBUG    | RAMGuard.ProcessScanner | Scanned 217 processes (threshold=0.5 MB)
2026-09-10 10:12:37 | DEBUG    | RAMGuard.MainWindow | Process list updated: 217 processes
2026-09-10 10:12:45 | DEBUG    | RAMGuard.ProcessScanner | Scanned 217 processes (threshold=0.5 MB)
2026-09-10 10:12:47 | DEBUG    | RAMGuard.MainWindow | Process list updated: 217 processes
2026-09-10 10:12:55 | DEBUG    | RAMGuard.ProcessScanner | Scanned 217 processes (threshold=0.5 MB)
2026-09-10 10:12:57 | DEBUG    | RAMGuard.MainWindow | Process list updated: 217 processes
2026-09-10 10:13:05 | DEBUG    | RAMGuard.ProcessScanner | Scanned 217 processes (threshold=0.5 MB)
2026-09-10 10:13:07 | DEBUG    | RAMGuard.MainWindow | Process list updated: 217 processes
2026-09-10 10:13:15 | DEBUG    | RAMGuard.ProcessScanner | Scanned 217 processes (threshold=0.5 MB)
2026-09-10 10:13:17 | DEBUG    | RAMGuard.MainWindow | Process list updated: 217 processes
2026-09-10 10:13:25 | DEBUG    | RAMGuard.ProcessScanner | Scanned 217 processes (threshold=0.5 MB)
2026-09-10 10:13:27 | DEBUG    | RAMGuard.MainWindow | Process list updated: 217 processes
2026-09-10 10:13:37 | DEBUG    | RAMGuard.ProcessScanner | Scanned 232 processes (threshold=0.5 MB)
2026-09-10 10:13:39 | DEBUG    | RAMGuard.MainWindow | Process list updated: 232 processes
2026-09-10 10:13:47 | INFO     | RAMGuard.Optimizer | Starting SAFE optimization for 1 process(es).
2026-09-10 10:13:47 | INFO     | RAMGuard.Optimizer | Closing 'chrome.exe' (PID 13016) gracefully…
2026-09-10 10:13:47 | INFO     | RAMGuard.Optimizer | ✓ 'chrome.exe' closed successfully.
2026-09-10 10:13:47 | INFO     | RAMGuard.Optimizer | Waiting 1.5s for memory to settle…
2026-09-10 10:13:48 | DEBUG    | RAMGuard.ProcessScanner | Scanned 224 processes (threshold=0.5 MB)
2026-09-10 10:13:49 | INFO     | RAMGuard.Optimizer | Optimization complete: 1 closed, 0 failed, ~461 MB freed.
2026-09-10 10:13:50 | DEBUG    | RAMGuard.MainWindow | Process list updated: 224 processes
2026-09-10 10:13:50 | INFO     | RAMGuard.Database | Saved optimization session #7
2026-09-10 10:13:54 | DEBUG    | RAMGuard.ProcessScanner | Scanned 222 processes (threshold=0.5 MB)
2026-09-10 10:13:56 | DEBUG    | RAMGuard.MainWindow | Process list updated: 222 processes
2026-09-10 10:13:59 | DEBUG    | RAMGuard.ProcessScanner | Scanned 222 processes (threshold=0.5 MB)
2026-09-10 10:14:01 | DEBUG    | RAMGuard.MainWindow | Process list updated: 222 processes
2026-09-10 10:14:04 | DEBUG    | RAMGuard.ProcessScanner | Scanned 222 processes (threshold=0.5 MB)
2026-09-10 10:14:07 | DEBUG    | RAMGuard.MainWindow | Process list updated: 222 processes
2026-09-10 10:14:10 | DEBUG    | RAMGuard.ProcessScanner | Scanned 222 processes (threshold=0.5 MB)
2026-09-10 10:14:12 | DEBUG    | RAMGuard.MainWindow | Process list updated: 222 processes
2026-09-10 10:14:15 | DEBUG    | RAMGuard.ProcessScanner | Scanned 222 processes (threshold=0.5 MB)
2026-09-10 10:14:17 | DEBUG    | RAMGuard.MainWindow | Process list updated: 222 processes
2026-09-10 10:14:20 | DEBUG    | RAMGuard.ProcessScanner | Scanned 221 processes (threshold=0.5 MB)
2026-09-10 10:14:23 | DEBUG    | RAMGuard.MainWindow | Process list updated: 221 processes
2026-09-10 10:14:26 | DEBUG    | RAMGuard.ProcessScanner | Scanned 221 processes (threshold=0.5 MB)
2026-09-10 10:14:28 | DEBUG    | RAMGuard.MainWindow | Process list updated: 221 processes
2026-09-10 10:14:31 | DEBUG    | RAMGuard.ProcessScanner | Scanned 221 processes (threshold=0.5 MB)
2026-09-10 10:14:33 | DEBUG    | RAMGuard.MainWindow | Process list updated: 221 processes
2026-09-10 10:14:37 | DEBUG    | RAMGuard.ProcessScanner | Scanned 222 processes (threshold=0.5 MB)
2026-09-10 10:14:39 | DEBUG    | RAMGuard.MainWindow | Process list updated: 222 processes
2026-09-10 10:14:44 | DEBUG    | RAMGuard.ProcessScanner | Scanned 222 processes (threshold=0.5 MB)
2026-09-10 10:14:46 | DEBUG    | RAMGuard.MainWindow | Process list updated: 222 processes
2026-09-10 10:14:50 | DEBUG    | RAMGuard.ProcessScanner | Scanned 222 processes (threshold=0.5 MB)
2026-09-10 10:14:53 | DEBUG    | RAMGuard.MainWindow | Process list updated: 222 processes
2026-09-10 10:14:57 | DEBUG    | RAMGuard.ProcessScanner | Scanned 222 processes (threshold=0.5 MB)
2026-09-10 10:16:39 | DEBUG    | RAMGuard.Config | Config loaded from D:\Poject\Degree Project\16 Memory magement system (RamGuard)(os) Done\config\config.json
2026-09-10 10:16:40 | INFO     | RAMGuard | ============================================================
2026-09-10 10:16:40 | INFO     | RAMGuard | RAMGuard starting up
2026-09-10 10:16:40 | INFO     | RAMGuard | Python: 3.12.10 (tags/v3.12.10:0cc8128, Apr  8 2025, 12:21:36) [MSC v.1943 64 bit (AMD64)]
2026-09-10 10:16:40 | INFO     | RAMGuard | Platform: win32
2026-09-10 10:16:40 | INFO     | RAMGuard | ============================================================
2026-09-10 10:16:42 | INFO     | RAMGuard | Initialising database…
2026-09-10 10:16:42 | INFO     | RAMGuard.Database | Database initialised at D:\Poject\Degree Project\16 Memory magement system (RamGuard)(os) Done\data\ramguard.db
2026-09-10 10:16:42 | INFO     | RAMGuard | Loading configuration…
2026-09-10 10:16:42 | DEBUG    | RAMGuard.Config | Config loaded from D:\Poject\Degree Project\16 Memory magement system (RamGuard)(os) Done\config\config.json
2026-09-10 10:16:42 | INFO     | RAMGuard | Building main window…
2026-09-10 10:16:42 | INFO     | RAMGuard.SafetyManager | ProcessSafetyManager initialised (own PID=18328)
2026-09-10 10:16:42 | INFO     | RAMGuard.MemoryMonitor | MemoryMonitor initialised
2026-09-10 10:16:42 | INFO     | RAMGuard.StartupManager | Loaded 8 startup entries
2026-09-10 10:16:43 | INFO     | RAMGuard.MemoryMonitor | MemoryMonitor initialised
2026-09-10 10:16:43 | DEBUG    | RAMGuard.Workers | MonitorWorker started (interval=3s)
2026-09-10 10:16:43 | INFO     | RAMGuard | RAMGuard started successfully.
2026-09-10 10:16:47 | DEBUG    | RAMGuard.ProcessScanner | Scanned 221 processes (threshold=0.5 MB)
2026-09-10 10:16:50 | DEBUG    | RAMGuard.MainWindow | Process list updated: 221 processes
2026-09-10 10:16:59 | DEBUG    | RAMGuard.ProcessScanner | Scanned 221 processes (threshold=0.5 MB)
2026-09-10 10:17:02 | DEBUG    | RAMGuard.MainWindow | Process list updated: 221 processes
2026-09-10 10:17:11 | DEBUG    | RAMGuard.ProcessScanner | Scanned 218 processes (threshold=0.5 MB)
2026-09-10 10:17:14 | DEBUG    | RAMGuard.MainWindow | Process list updated: 218 processes
2026-09-10 10:17:23 | DEBUG    | RAMGuard.ProcessScanner | Scanned 218 processes (threshold=0.5 MB)
2026-09-10 10:17:26 | DEBUG    | RAMGuard.MainWindow | Process list updated: 218 processes
2026-09-10 10:17:35 | DEBUG    | RAMGuard.ProcessScanner | Scanned 220 processes (threshold=0.5 MB)
2026-09-10 10:17:38 | DEBUG    | RAMGuard.MainWindow | Process list updated: 220 processes
2026-09-10 10:17:47 | DEBUG    | RAMGuard.ProcessScanner | Scanned 219 processes (threshold=0.5 MB)
2026-09-10 10:17:50 | DEBUG    | RAMGuard.MainWindow | Process list updated: 219 processes
2026-09-10 10:17:59 | DEBUG    | RAMGuard.ProcessScanner | Scanned 222 processes (threshold=0.5 MB)
2026-09-10 10:18:02 | DEBUG    | RAMGuard.MainWindow | Process list updated: 222 processes
2026-09-10 10:18:11 | DEBUG    | RAMGuard.ProcessScanner | Scanned 223 processes (threshold=0.5 MB)
2026-09-10 10:18:14 | DEBUG    | RAMGuard.MainWindow | Process list updated: 223 processes
2026-09-10 10:18:24 | DEBUG    | RAMGuard.ProcessScanner | Scanned 224 processes (threshold=0.5 MB)
2026-09-10 10:18:26 | DEBUG    | RAMGuard.MainWindow | Process list updated: 224 processes
2026-09-10 10:18:36 | DEBUG    | RAMGuard.ProcessScanner | Scanned 224 processes (threshold=0.5 MB)
2026-09-10 10:18:39 | DEBUG    | RAMGuard.MainWindow | Process list updated: 224 processes
2026-09-10 10:18:49 | DEBUG    | RAMGuard.ProcessScanner | Scanned 224 processes (threshold=0.5 MB)
2026-09-10 10:18:52 | DEBUG    | RAMGuard.MainWindow | Process list updated: 224 processes
2026-09-10 10:19:01 | DEBUG    | RAMGuard.ProcessScanner | Scanned 224 processes (threshold=0.5 MB)
2026-09-10 10:19:03 | DEBUG    | RAMGuard.MainWindow | Process list updated: 224 processes
2026-09-10 10:19:12 | DEBUG    | RAMGuard.ProcessScanner | Scanned 224 processes (threshold=0.5 MB)
2026-09-10 10:19:15 | DEBUG    | RAMGuard.MainWindow | Process list updated: 224 processes
2026-09-10 10:19:23 | DEBUG    | RAMGuard.ProcessScanner | Scanned 224 processes (threshold=0.5 MB)
2026-09-10 10:19:25 | DEBUG    | RAMGuard.MainWindow | Process list updated: 224 processes
2026-09-10 10:19:33 | DEBUG    | RAMGuard.ProcessScanner | Scanned 224 processes (threshold=0.5 MB)
2026-09-10 10:19:36 | DEBUG    | RAMGuard.MainWindow | Process list updated: 224 processes
2026-09-10 10:19:44 | DEBUG    | RAMGuard.ProcessScanner | Scanned 221 processes (threshold=0.5 MB)
2026-09-10 10:19:47 | DEBUG    | RAMGuard.MainWindow | Process list updated: 221 processes
2026-09-10 10:19:55 | DEBUG    | RAMGuard.ProcessScanner | Scanned 221 processes (threshold=0.5 MB)
2026-09-10 10:19:57 | DEBUG    | RAMGuard.MainWindow | Process list updated: 221 processes
2026-09-10 10:20:07 | DEBUG    | RAMGuard.ProcessScanner | Scanned 220 processes (threshold=0.5 MB)
2026-09-10 10:20:10 | DEBUG    | RAMGuard.MainWindow | Process list updated: 220 processes
2026-09-10 10:21:43 | DEBUG    | RAMGuard.Config | Config loaded from D:\Poject\Degree Project\16 Memory magement system (RamGuard)(os) Done\config\config.json
2026-09-10 10:21:43 | INFO     | RAMGuard | ============================================================
2026-09-10 10:21:43 | INFO     | RAMGuard | RAMGuard starting up
2026-09-10 10:21:43 | INFO     | RAMGuard | Python: 3.12.10 (tags/v3.12.10:0cc8128, Apr  8 2025, 12:21:36) [MSC v.1943 64 bit (AMD64)]
2026-09-10 10:21:43 | INFO     | RAMGuard | Platform: win32
2026-09-10 10:21:43 | INFO     | RAMGuard | ============================================================
2026-09-10 10:21:46 | INFO     | RAMGuard | Initialising database…
2026-09-10 10:21:46 | INFO     | RAMGuard.Database | Database initialised at D:\Poject\Degree Project\16 Memory magement system (RamGuard)(os) Done\data\ramguard.db
2026-09-10 10:21:46 | INFO     | RAMGuard | Loading configuration…
2026-09-10 10:21:46 | DEBUG    | RAMGuard.Config | Config loaded from D:\Poject\Degree Project\16 Memory magement system (RamGuard)(os) Done\config\config.json
2026-09-10 10:21:46 | INFO     | RAMGuard | Building main window…
2026-09-10 10:21:46 | INFO     | RAMGuard.SafetyManager | ProcessSafetyManager initialised (own PID=21116)
2026-09-10 10:21:46 | INFO     | RAMGuard.MemoryMonitor | MemoryMonitor initialised
2026-09-10 10:21:46 | INFO     | RAMGuard.StartupManager | Loaded 8 startup entries
2026-09-10 10:21:46 | INFO     | RAMGuard.MemoryMonitor | MemoryMonitor initialised
2026-09-10 10:21:46 | DEBUG    | RAMGuard.Workers | MonitorWorker started (interval=3s)
2026-09-10 10:21:46 | INFO     | RAMGuard | RAMGuard started successfully.
2026-09-10 10:21:50 | DEBUG    | RAMGuard.ProcessScanner | Scanned 221 processes (threshold=0.5 MB)
2026-09-10 10:21:52 | DEBUG    | RAMGuard.MainWindow | Process list updated: 221 processes
2026-09-10 10:22:00 | DEBUG    | RAMGuard.ProcessScanner | Scanned 221 processes (threshold=0.5 MB)
2026-09-10 10:22:03 | DEBUG    | RAMGuard.MainWindow | Process list updated: 221 processes
2026-09-10 10:22:11 | DEBUG    | RAMGuard.ProcessScanner | Scanned 221 processes (threshold=0.5 MB)
2026-09-10 10:22:13 | DEBUG    | RAMGuard.MainWindow | Process list updated: 221 processes
2026-09-10 10:22:22 | DEBUG    | RAMGuard.ProcessScanner | Scanned 223 processes (threshold=0.5 MB)
2026-09-10 10:22:24 | DEBUG    | RAMGuard.MainWindow | Process list updated: 223 processes
2026-09-10 10:22:33 | DEBUG    | RAMGuard.ProcessScanner | Scanned 223 processes (threshold=0.5 MB)
2026-09-10 10:22:35 | DEBUG    | RAMGuard.MainWindow | Process list updated: 223 processes
2026-09-10 10:22:46 | DEBUG    | RAMGuard.ProcessScanner | Scanned 223 processes (threshold=0.5 MB)
2026-09-10 10:22:49 | DEBUG    | RAMGuard.MainWindow | Process list updated: 223 processes
2026-09-10 10:22:59 | DEBUG    | RAMGuard.ProcessScanner | Scanned 222 processes (threshold=0.5 MB)
2026-09-10 10:23:02 | DEBUG    | RAMGuard.MainWindow | Process list updated: 222 processes
2026-09-10 10:23:11 | DEBUG    | RAMGuard.ProcessScanner | Scanned 222 processes (threshold=0.5 MB)
2026-09-10 10:23:13 | DEBUG    | RAMGuard.MainWindow | Process list updated: 222 processes
2026-09-10 10:23:22 | DEBUG    | RAMGuard.ProcessScanner | Scanned 222 processes (threshold=0.5 MB)
2026-09-10 10:23:24 | DEBUG    | RAMGuard.MainWindow | Process list updated: 222 processes
2026-09-10 10:23:35 | DEBUG    | RAMGuard.ProcessScanner | Scanned 219 processes (threshold=0.5 MB)
2026-09-10 10:23:37 | DEBUG    | RAMGuard.MainWindow | Process list updated: 219 processes
2026-09-10 10:23:42 | DEBUG    | RAMGuard.Config | Config loaded from D:\Poject\Degree Project\16 Memory magement system (RamGuard)(os) Done\config\config.json
2026-09-10 10:23:42 | INFO     | RAMGuard | ============================================================
2026-09-10 10:23:42 | INFO     | RAMGuard | RAMGuard starting up
2026-09-10 10:23:42 | INFO     | RAMGuard | Python: 3.12.10 (tags/v3.12.10:0cc8128, Apr  8 2025, 12:21:36) [MSC v.1943 64 bit (AMD64)]
2026-09-10 10:23:42 | INFO     | RAMGuard | Platform: win32
2026-09-10 10:23:42 | INFO     | RAMGuard | ============================================================
2026-09-10 10:23:44 | INFO     | RAMGuard | Initialising database…
2026-09-10 10:23:44 | INFO     | RAMGuard.Database | Database initialised at D:\Poject\Degree Project\16 Memory magement system (RamGuard)(os) Done\data\ramguard.db
2026-09-10 10:23:44 | INFO     | RAMGuard | Loading configuration…
2026-09-10 10:23:44 | DEBUG    | RAMGuard.Config | Config loaded from D:\Poject\Degree Project\16 Memory magement system (RamGuard)(os) Done\config\config.json
2026-09-10 10:23:44 | INFO     | RAMGuard | Building main window…
2026-09-10 10:23:44 | INFO     | RAMGuard.SafetyManager | ProcessSafetyManager initialised (own PID=7300)
2026-09-10 10:23:44 | INFO     | RAMGuard.MemoryMonitor | MemoryMonitor initialised
2026-09-10 10:23:45 | INFO     | RAMGuard.StartupManager | Loaded 8 startup entries
2026-09-10 10:23:45 | INFO     | RAMGuard.MemoryMonitor | MemoryMonitor initialised
2026-09-10 10:23:45 | DEBUG    | RAMGuard.Workers | MonitorWorker started (interval=3s)
2026-09-10 10:23:45 | INFO     | RAMGuard | RAMGuard started successfully.
2026-09-10 10:23:48 | DEBUG    | RAMGuard.ProcessScanner | Scanned 219 processes (threshold=0.5 MB)
2026-09-10 10:23:50 | DEBUG    | RAMGuard.ProcessScanner | Scanned 219 processes (threshold=0.5 MB)
2026-09-10 10:23:51 | DEBUG    | RAMGuard.MainWindow | Process list updated: 219 processes
2026-09-10 10:23:53 | DEBUG    | RAMGuard.MainWindow | Process list updated: 219 processes
2026-09-10 10:24:01 | DEBUG    | RAMGuard.ProcessScanner | Scanned 219 processes (threshold=0.5 MB)
2026-09-10 10:24:03 | DEBUG    | RAMGuard.ProcessScanner | Scanned 219 processes (threshold=0.5 MB)
2026-09-10 10:24:04 | DEBUG    | RAMGuard.MainWindow | Process list updated: 219 processes
2026-09-10 10:24:06 | DEBUG    | RAMGuard.MainWindow | Process list updated: 219 processes
2026-09-10 10:24:14 | DEBUG    | RAMGuard.ProcessScanner | Scanned 220 processes (threshold=0.5 MB)
2026-09-10 10:24:17 | DEBUG    | RAMGuard.ProcessScanner | Scanned 220 processes (threshold=0.5 MB)
2026-09-10 10:24:18 | DEBUG    | RAMGuard.MainWindow | Process list updated: 220 processes
2026-09-10 10:24:20 | DEBUG    | RAMGuard.MainWindow | Process list updated: 220 processes
2026-09-10 10:24:27 | DEBUG    | RAMGuard.ProcessScanner | Scanned 221 processes (threshold=0.5 MB)
2026-09-10 10:24:30 | DEBUG    | RAMGuard.ProcessScanner | Scanned 221 processes (threshold=0.5 MB)
2026-09-10 10:24:31 | DEBUG    | RAMGuard.MainWindow | Process list updated: 221 processes
2026-09-10 10:24:33 | DEBUG    | RAMGuard.MainWindow | Process list updated: 221 processes
2026-09-10 10:24:41 | DEBUG    | RAMGuard.ProcessScanner | Scanned 221 processes (threshold=0.5 MB)
2026-09-10 10:24:44 | DEBUG    | RAMGuard.ProcessScanner | Scanned 221 processes (threshold=0.5 MB)
2026-09-10 10:24:44 | DEBUG    | RAMGuard.MainWindow | Process list updated: 221 processes
2026-09-10 10:24:47 | DEBUG    | RAMGuard.MainWindow | Process list updated: 221 processes
2026-09-10 10:24:54 | DEBUG    | RAMGuard.ProcessScanner | Scanned 220 processes (threshold=0.5 MB)
2026-09-10 10:24:57 | DEBUG    | RAMGuard.ProcessScanner | Scanned 218 processes (threshold=0.5 MB)
2026-09-10 10:24:58 | DEBUG    | RAMGuard.MainWindow | Process list updated: 220 processes
2026-09-10 10:24:59 | INFO     | RAMGuard.MainWindow | RAMGuard shutting down…
2026-09-10 10:25:00 | DEBUG    | RAMGuard.MainWindow | Process list updated: 218 processes
2026-09-10 10:25:10 | DEBUG    | RAMGuard.ProcessScanner | Scanned 217 processes (threshold=0.5 MB)
2026-09-10 10:25:13 | DEBUG    | RAMGuard.MainWindow | Process list updated: 217 processes
2026-09-10 10:25:22 | DEBUG    | RAMGuard.ProcessScanner | Scanned 217 processes (threshold=0.5 MB)
2026-09-10 10:25:24 | DEBUG    | RAMGuard.MainWindow | Process list updated: 217 processes
2026-09-10 10:25:24 | INFO     | RAMGuard.MainWindow | RAMGuard shutting down…
2026-09-10 10:26:43 | DEBUG    | RAMGuard.Config | Config loaded from D:\Poject\Degree Project\16 Memory magement system (RamGuard)(os) Done\config\config.json
2026-09-10 10:26:44 | INFO     | RAMGuard | ============================================================
2026-09-10 10:26:44 | INFO     | RAMGuard | RAMGuard starting up
2026-09-10 10:26:44 | INFO     | RAMGuard | Python: 3.12.10 (tags/v3.12.10:0cc8128, Apr  8 2025, 12:21:36) [MSC v.1943 64 bit (AMD64)]
2026-09-10 10:26:44 | INFO     | RAMGuard | Platform: win32
2026-09-10 10:26:44 | INFO     | RAMGuard | ============================================================
2026-09-10 10:26:46 | INFO     | RAMGuard | Initialising database…
2026-09-10 10:26:46 | INFO     | RAMGuard.Database | Database initialised at D:\Poject\Degree Project\16 Memory magement system (RamGuard)(os) Done\data\ramguard.db
2026-09-10 10:26:46 | INFO     | RAMGuard | Loading configuration…
2026-09-10 10:26:46 | DEBUG    | RAMGuard.Config | Config loaded from D:\Poject\Degree Project\16 Memory magement system (RamGuard)(os) Done\config\config.json
2026-09-10 10:26:46 | INFO     | RAMGuard | Building main window…
2026-09-10 10:26:46 | INFO     | RAMGuard.SafetyManager | ProcessSafetyManager initialised (own PID=9744)
2026-09-10 10:26:46 | INFO     | RAMGuard.MemoryMonitor | MemoryMonitor initialised
2026-09-10 10:26:46 | INFO     | RAMGuard.StartupManager | Loaded 8 startup entries
2026-09-10 10:26:46 | INFO     | RAMGuard.MemoryMonitor | MemoryMonitor initialised
2026-09-10 10:26:46 | DEBUG    | RAMGuard.Workers | MonitorWorker started (interval=3s)
2026-09-10 10:26:46 | INFO     | RAMGuard | RAMGuard started successfully.
2026-09-10 10:26:50 | DEBUG    | RAMGuard.ProcessScanner | Scanned 215 processes (threshold=0.5 MB)
2026-09-10 10:26:52 | DEBUG    | RAMGuard.MainWindow | Process list updated: 215 processes
2026-09-10 10:27:00 | DEBUG    | RAMGuard.ProcessScanner | Scanned 215 processes (threshold=0.5 MB)
2026-09-10 10:27:02 | DEBUG    | RAMGuard.MainWindow | Process list updated: 215 processes
2026-09-10 10:27:10 | DEBUG    | RAMGuard.ProcessScanner | Scanned 215 processes (threshold=0.5 MB)
2026-09-10 10:27:12 | DEBUG    | RAMGuard.MainWindow | Process list updated: 215 processes
2026-09-10 10:27:20 | DEBUG    | RAMGuard.ProcessScanner | Scanned 215 processes (threshold=0.5 MB)
2026-09-10 10:27:22 | DEBUG    | RAMGuard.MainWindow | Process list updated: 215 processes
2026-09-10 10:27:22 | INFO     | RAMGuard.StartupManager | Loaded 8 startup entries
2026-09-10 10:27:22 | INFO     | RAMGuard.StartupManager | Loaded 8 startup entries
2026-09-10 10:27:30 | DEBUG    | RAMGuard.ProcessScanner | Scanned 215 processes (threshold=0.5 MB)
2026-09-10 10:27:32 | DEBUG    | RAMGuard.MainWindow | Process list updated: 215 processes
2026-09-10 10:27:41 | DEBUG    | RAMGuard.ProcessScanner | Scanned 218 processes (threshold=0.5 MB)
2026-09-10 10:27:43 | DEBUG    | RAMGuard.MainWindow | Process list updated: 218 processes
2026-09-10 10:27:52 | DEBUG    | RAMGuard.ProcessScanner | Scanned 218 processes (threshold=0.5 MB)
2026-09-10 10:27:54 | DEBUG    | RAMGuard.MainWindow | Process list updated: 218 processes
2026-09-10 10:28:03 | DEBUG    | RAMGuard.ProcessScanner | Scanned 218 processes (threshold=0.5 MB)
2026-09-10 10:28:05 | DEBUG    | RAMGuard.MainWindow | Process list updated: 218 processes
2026-09-10 10:28:14 | DEBUG    | RAMGuard.ProcessScanner | Scanned 218 processes (threshold=0.5 MB)
2026-09-10 10:28:16 | DEBUG    | RAMGuard.MainWindow | Process list updated: 218 processes
2026-09-10 10:28:24 | DEBUG    | RAMGuard.ProcessScanner | Scanned 218 processes (threshold=0.5 MB)
2026-09-10 10:28:27 | DEBUG    | RAMGuard.MainWindow | Process list updated: 218 processes
2026-09-10 10:28:35 | DEBUG    | RAMGuard.ProcessScanner | Scanned 216 processes (threshold=0.5 MB)
2026-09-10 10:28:37 | DEBUG    | RAMGuard.MainWindow | Process list updated: 216 processes
2026-09-10 10:28:48 | DEBUG    | RAMGuard.ProcessScanner | Scanned 216 processes (threshold=0.5 MB)
2026-09-10 10:28:51 | DEBUG    | RAMGuard.MainWindow | Process list updated: 216 processes
2026-09-10 10:29:00 | DEBUG    | RAMGuard.ProcessScanner | Scanned 216 processes (threshold=0.5 MB)
2026-09-10 10:29:03 | DEBUG    | RAMGuard.MainWindow | Process list updated: 216 processes
2026-09-10 10:29:13 | DEBUG    | RAMGuard.ProcessScanner | Scanned 215 processes (threshold=0.5 MB)
2026-09-10 10:29:16 | DEBUG    | RAMGuard.MainWindow | Process list updated: 215 processes
2026-09-10 10:29:25 | DEBUG    | RAMGuard.ProcessScanner | Scanned 215 processes (threshold=0.5 MB)
2026-09-10 10:29:28 | DEBUG    | RAMGuard.MainWindow | Process list updated: 215 processes
2026-09-10 10:29:38 | DEBUG    | RAMGuard.ProcessScanner | Scanned 215 processes (threshold=0.5 MB)
2026-09-10 10:29:40 | DEBUG    | RAMGuard.MainWindow | Process list updated: 215 processes
2026-09-10 10:29:51 | DEBUG    | RAMGuard.ProcessScanner | Scanned 217 processes (threshold=0.5 MB)
2026-09-10 10:29:53 | DEBUG    | RAMGuard.MainWindow | Process list updated: 217 processes
2026-09-10 10:30:01 | DEBUG    | RAMGuard.ProcessScanner | Scanned 217 processes (threshold=0.5 MB)
2026-09-10 10:30:04 | DEBUG    | RAMGuard.MainWindow | Process list updated: 217 processes
2026-09-10 10:30:47 | DEBUG    | RAMGuard.Config | Config loaded from D:\Poject\Degree Project\16 Memory magement system (RamGuard)(os) Done\config\config.json
2026-09-10 10:30:47 | INFO     | RAMGuard | ============================================================
2026-09-10 10:30:47 | INFO     | RAMGuard | RAMGuard starting up
2026-09-10 10:30:47 | INFO     | RAMGuard | Python: 3.12.10 (tags/v3.12.10:0cc8128, Apr  8 2025, 12:21:36) [MSC v.1943 64 bit (AMD64)]
2026-09-10 10:30:47 | INFO     | RAMGuard | Platform: win32
2026-09-10 10:30:47 | INFO     | RAMGuard | ============================================================
2026-09-10 10:30:49 | INFO     | RAMGuard | Initialising database…
2026-09-10 10:30:49 | INFO     | RAMGuard.Database | Database initialised at D:\Poject\Degree Project\16 Memory magement system (RamGuard)(os) Done\data\ramguard.db
2026-09-10 10:30:49 | INFO     | RAMGuard | Loading configuration…
2026-09-10 10:30:49 | DEBUG    | RAMGuard.Config | Config loaded from D:\Poject\Degree Project\16 Memory magement system (RamGuard)(os) Done\config\config.json
2026-09-10 10:30:49 | INFO     | RAMGuard | Building main window…
2026-09-10 10:30:49 | INFO     | RAMGuard.SafetyManager | ProcessSafetyManager initialised (own PID=19552)
2026-09-10 10:30:49 | INFO     | RAMGuard.MemoryMonitor | MemoryMonitor initialised
2026-09-10 10:30:49 | INFO     | RAMGuard.StartupManager | Loaded 8 startup entries
2026-09-10 10:30:50 | INFO     | RAMGuard.MemoryMonitor | MemoryMonitor initialised
2026-09-10 10:30:50 | DEBUG    | RAMGuard.Workers | MonitorWorker started (interval=3s)
2026-09-10 10:30:50 | INFO     | RAMGuard | RAMGuard started successfully.
2026-09-10 10:30:55 | DEBUG    | RAMGuard.ProcessScanner | Scanned 219 processes (threshold=0.5 MB)
2026-09-10 10:30:57 | DEBUG    | RAMGuard.MainWindow | Process list updated: 219 processes
2026-09-10 10:31:06 | DEBUG    | RAMGuard.ProcessScanner | Scanned 219 processes (threshold=0.5 MB)
2026-09-10 10:31:08 | DEBUG    | RAMGuard.MainWindow | Process list updated: 219 processes
2026-09-10 10:31:16 | DEBUG    | RAMGuard.ProcessScanner | Scanned 219 processes (threshold=0.5 MB)
2026-09-10 10:31:18 | DEBUG    | RAMGuard.MainWindow | Process list updated: 219 processes
2026-09-10 10:31:28 | DEBUG    | RAMGuard.ProcessScanner | Scanned 219 processes (threshold=0.5 MB)
2026-09-10 10:31:30 | DEBUG    | RAMGuard.MainWindow | Process list updated: 219 processes
2026-09-10 10:31:39 | DEBUG    | RAMGuard.ProcessScanner | Scanned 219 processes (threshold=0.5 MB)
2026-09-10 10:31:42 | DEBUG    | RAMGuard.MainWindow | Process list updated: 219 processes
2026-09-10 10:31:51 | DEBUG    | RAMGuard.ProcessScanner | Scanned 219 processes (threshold=0.5 MB)
2026-09-10 10:31:53 | DEBUG    | RAMGuard.MainWindow | Process list updated: 219 processes
2026-09-10 10:32:01 | DEBUG    | RAMGuard.ProcessScanner | Scanned 219 processes (threshold=0.5 MB)
2026-09-10 10:32:04 | DEBUG    | RAMGuard.MainWindow | Process list updated: 219 processes
2026-09-10 10:32:16 | DEBUG    | RAMGuard.Config | Config loaded from D:\Poject\Degree Project\16 Memory magement system (RamGuard)(os) Done\config\config.json
2026-09-10 10:32:17 | INFO     | RAMGuard | ============================================================
2026-09-10 10:32:17 | INFO     | RAMGuard | RAMGuard starting up
2026-09-10 10:32:17 | INFO     | RAMGuard | Python: 3.12.10 (tags/v3.12.10:0cc8128, Apr  8 2025, 12:21:36) [MSC v.1943 64 bit (AMD64)]
2026-09-10 10:32:17 | INFO     | RAMGuard | Platform: win32
2026-09-10 10:32:17 | INFO     | RAMGuard | ============================================================
2026-09-10 10:32:19 | INFO     | RAMGuard | Initialising database…
2026-09-10 10:32:19 | INFO     | RAMGuard.Database | Database initialised at D:\Poject\Degree Project\16 Memory magement system (RamGuard)(os) Done\data\ramguard.db
2026-09-10 10:32:19 | INFO     | RAMGuard | Loading configuration…
2026-09-10 10:32:19 | DEBUG    | RAMGuard.Config | Config loaded from D:\Poject\Degree Project\16 Memory magement system (RamGuard)(os) Done\config\config.json
2026-09-10 10:32:19 | INFO     | RAMGuard | Building main window…
2026-09-10 10:32:19 | INFO     | RAMGuard.SafetyManager | ProcessSafetyManager initialised (own PID=10216)
2026-09-10 10:32:19 | INFO     | RAMGuard.MemoryMonitor | MemoryMonitor initialised
2026-09-10 10:32:19 | INFO     | RAMGuard.StartupManager | Loaded 8 startup entries
2026-09-10 10:32:19 | INFO     | RAMGuard.MemoryMonitor | MemoryMonitor initialised
2026-09-10 10:32:19 | DEBUG    | RAMGuard.Workers | MonitorWorker started (interval=3s)
2026-09-10 10:32:19 | INFO     | RAMGuard | RAMGuard started successfully.
2026-09-10 10:32:23 | DEBUG    | RAMGuard.ProcessScanner | Scanned 218 processes (threshold=0.5 MB)
2026-09-10 10:32:25 | DEBUG    | RAMGuard.MainWindow | Process list updated: 218 processes
2026-09-10 10:32:35 | DEBUG    | RAMGuard.ProcessScanner | Scanned 219 processes (threshold=0.5 MB)
2026-09-10 10:32:37 | DEBUG    | RAMGuard.MainWindow | Process list updated: 219 processes
2026-09-10 10:32:45 | DEBUG    | RAMGuard.ProcessScanner | Scanned 221 processes (threshold=0.5 MB)
2026-09-10 10:32:48 | DEBUG    | RAMGuard.MainWindow | Process list updated: 221 processes
2026-09-10 10:34:03 | DEBUG    | RAMGuard.Config | Config loaded from D:\Poject\Degree Project\16 Memory magement system (RamGuard)(os) Done\config\config.json
2026-09-10 10:34:03 | INFO     | RAMGuard | ============================================================
2026-09-10 10:34:03 | INFO     | RAMGuard | RAMGuard starting up
2026-09-10 10:34:03 | INFO     | RAMGuard | Python: 3.12.10 (tags/v3.12.10:0cc8128, Apr  8 2025, 12:21:36) [MSC v.1943 64 bit (AMD64)]
2026-09-10 10:34:03 | INFO     | RAMGuard | Platform: win32
2026-09-10 10:34:03 | INFO     | RAMGuard | ============================================================
2026-09-10 10:34:05 | INFO     | RAMGuard | Initialising database…
2026-09-10 10:34:05 | INFO     | RAMGuard.Database | Database initialised at D:\Poject\Degree Project\16 Memory magement system (RamGuard)(os) Done\data\ramguard.db
2026-09-10 10:34:05 | INFO     | RAMGuard | Loading configuration…
2026-09-10 10:34:05 | DEBUG    | RAMGuard.Config | Config loaded from D:\Poject\Degree Project\16 Memory magement system (RamGuard)(os) Done\config\config.json
2026-09-10 10:34:05 | INFO     | RAMGuard | Building main window…
2026-09-10 10:34:05 | INFO     | RAMGuard.SafetyManager | ProcessSafetyManager initialised (own PID=4008)
2026-09-10 10:34:05 | INFO     | RAMGuard.MemoryMonitor | MemoryMonitor initialised
2026-09-10 10:34:06 | INFO     | RAMGuard.StartupManager | Loaded 8 startup entries
2026-09-10 10:34:06 | INFO     | RAMGuard.MemoryMonitor | MemoryMonitor initialised
2026-09-10 10:34:06 | DEBUG    | RAMGuard.Workers | MonitorWorker started (interval=3s)
2026-09-10 10:34:06 | INFO     | RAMGuard | RAMGuard started successfully.
2026-09-10 10:34:10 | DEBUG    | RAMGuard.ProcessScanner | Scanned 218 processes (threshold=0.5 MB)
2026-09-10 10:34:12 | DEBUG    | RAMGuard.MainWindow | Process list updated: 218 processes
2026-09-10 10:34:20 | DEBUG    | RAMGuard.ProcessScanner | Scanned 218 processes (threshold=0.5 MB)
2026-09-10 10:34:22 | DEBUG    | RAMGuard.MainWindow | Process list updated: 218 processes
2026-09-10 10:34:30 | DEBUG    | RAMGuard.ProcessScanner | Scanned 218 processes (threshold=0.5 MB)
2026-09-10 10:34:33 | DEBUG    | RAMGuard.MainWindow | Process list updated: 218 processes
2026-09-10 10:34:41 | DEBUG    | RAMGuard.ProcessScanner | Scanned 218 processes (threshold=0.5 MB)
2026-09-10 10:34:44 | DEBUG    | RAMGuard.MainWindow | Process list updated: 218 processes
2026-09-10 10:34:54 | DEBUG    | RAMGuard.ProcessScanner | Scanned 218 processes (threshold=0.5 MB)
2026-09-10 10:34:57 | DEBUG    | RAMGuard.MainWindow | Process list updated: 218 processes
2026-09-10 10:35:06 | DEBUG    | RAMGuard.ProcessScanner | Scanned 217 processes (threshold=0.5 MB)
2026-09-10 10:35:09 | DEBUG    | RAMGuard.MainWindow | Process list updated: 217 processes
2026-09-10 10:35:19 | DEBUG    | RAMGuard.ProcessScanner | Scanned 217 processes (threshold=0.5 MB)
2026-09-10 10:35:22 | DEBUG    | RAMGuard.MainWindow | Process list updated: 217 processes
2026-09-10 10:35:30 | DEBUG    | RAMGuard.ProcessScanner | Scanned 217 processes (threshold=0.5 MB)
2026-09-10 10:35:40 | DEBUG    | RAMGuard.Config | Config loaded from D:\Poject\Degree Project\16 Memory magement system (RamGuard)(os) Done\config\config.json
2026-09-10 10:35:40 | INFO     | RAMGuard | ============================================================
2026-09-10 10:35:40 | INFO     | RAMGuard | RAMGuard starting up
2026-09-10 10:35:40 | INFO     | RAMGuard | Python: 3.12.10 (tags/v3.12.10:0cc8128, Apr  8 2025, 12:21:36) [MSC v.1943 64 bit (AMD64)]
2026-09-10 10:35:40 | INFO     | RAMGuard | Platform: win32
2026-09-10 10:35:40 | INFO     | RAMGuard | ============================================================
2026-09-10 10:35:42 | INFO     | RAMGuard | Initialising database…
2026-09-10 10:35:42 | INFO     | RAMGuard.Database | Database initialised at D:\Poject\Degree Project\16 Memory magement system (RamGuard)(os) Done\data\ramguard.db
2026-09-10 10:35:42 | INFO     | RAMGuard | Loading configuration…
2026-09-10 10:35:42 | DEBUG    | RAMGuard.Config | Config loaded from D:\Poject\Degree Project\16 Memory magement system (RamGuard)(os) Done\config\config.json
2026-09-10 10:35:42 | INFO     | RAMGuard | Building main window…
2026-09-10 10:35:42 | INFO     | RAMGuard.SafetyManager | ProcessSafetyManager initialised (own PID=4384)
2026-09-10 10:35:42 | INFO     | RAMGuard.MemoryMonitor | MemoryMonitor initialised
2026-09-10 10:35:42 | INFO     | RAMGuard.StartupManager | Loaded 8 startup entries
2026-09-10 10:35:43 | INFO     | RAMGuard.MemoryMonitor | MemoryMonitor initialised
2026-09-10 10:35:43 | DEBUG    | RAMGuard.Workers | MonitorWorker started (interval=3s)
2026-09-10 10:35:43 | INFO     | RAMGuard | RAMGuard started successfully.
2026-09-10 10:35:46 | DEBUG    | RAMGuard.ProcessScanner | Scanned 218 processes (threshold=0.5 MB)
2026-09-10 10:35:49 | DEBUG    | RAMGuard.MainWindow | Process list updated: 218 processes
2026-09-10 10:35:57 | DEBUG    | RAMGuard.ProcessScanner | Scanned 218 processes (threshold=0.5 MB)
2026-09-10 10:36:00 | DEBUG    | RAMGuard.MainWindow | Process list updated: 218 processes
2026-09-10 10:36:09 | DEBUG    | RAMGuard.ProcessScanner | Scanned 229 processes (threshold=0.5 MB)
2026-09-10 10:36:11 | DEBUG    | RAMGuard.MainWindow | Process list updated: 229 processes
2026-09-10 10:36:20 | DEBUG    | RAMGuard.ProcessScanner | Scanned 236 processes (threshold=0.5 MB)
2026-09-10 10:36:23 | DEBUG    | RAMGuard.MainWindow | Process list updated: 236 processes
2026-09-10 10:36:33 | DEBUG    | RAMGuard.ProcessScanner | Scanned 245 processes (threshold=0.5 MB)
2026-09-10 10:36:37 | DEBUG    | RAMGuard.MainWindow | Process list updated: 245 processes
2026-09-10 10:36:47 | DEBUG    | RAMGuard.ProcessScanner | Scanned 244 processes (threshold=0.5 MB)
2026-09-10 10:36:51 | DEBUG    | RAMGuard.MainWindow | Process list updated: 244 processes
2026-09-10 10:37:00 | DEBUG    | RAMGuard.ProcessScanner | Scanned 240 processes (threshold=0.5 MB)
2026-09-10 10:37:03 | DEBUG    | RAMGuard.MainWindow | Process list updated: 240 processes
2026-09-10 10:37:03 | INFO     | RAMGuard.MainWindow | RAMGuard shutting down…
2026-09-10 10:38:06 | DEBUG    | RAMGuard.Config | Config loaded from D:\Poject\Degree Project\16 Memory magement system (RamGuard)(os) Done\config\config.json
2026-09-10 10:38:06 | INFO     | RAMGuard | ============================================================
2026-09-10 10:38:06 | INFO     | RAMGuard | RAMGuard starting up
2026-09-10 10:38:06 | INFO     | RAMGuard | Python: 3.12.10 (tags/v3.12.10:0cc8128, Apr  8 2025, 12:21:36) [MSC v.1943 64 bit (AMD64)]
2026-09-10 10:38:06 | INFO     | RAMGuard | Platform: win32
2026-09-10 10:38:06 | INFO     | RAMGuard | ============================================================
2026-09-10 10:38:08 | INFO     | RAMGuard | Initialising database…
2026-09-10 10:38:08 | INFO     | RAMGuard.Database | Database initialised at D:\Poject\Degree Project\16 Memory magement system (RamGuard)(os) Done\data\ramguard.db
2026-09-10 10:38:08 | INFO     | RAMGuard | Loading configuration…
2026-09-10 10:38:08 | DEBUG    | RAMGuard.Config | Config loaded from D:\Poject\Degree Project\16 Memory magement system (RamGuard)(os) Done\config\config.json
2026-09-10 10:38:08 | INFO     | RAMGuard | Building main window…
2026-09-10 10:38:08 | INFO     | RAMGuard.SafetyManager | ProcessSafetyManager initialised (own PID=19888)
2026-09-10 10:38:08 | INFO     | RAMGuard.MemoryMonitor | MemoryMonitor initialised
2026-09-10 10:38:09 | INFO     | RAMGuard.StartupManager | Loaded 9 startup entries
2026-09-10 10:38:09 | INFO     | RAMGuard.MemoryMonitor | MemoryMonitor initialised
2026-09-10 10:38:09 | DEBUG    | RAMGuard.Workers | MonitorWorker started (interval=3s)
2026-09-10 10:38:09 | INFO     | RAMGuard | RAMGuard started successfully.
2026-09-10 10:38:14 | DEBUG    | RAMGuard.ProcessScanner | Scanned 231 processes (threshold=0.5 MB)
2026-09-10 10:38:17 | DEBUG    | RAMGuard.MainWindow | Process list updated: 231 processes
2026-09-10 10:38:26 | DEBUG    | RAMGuard.ProcessScanner | Scanned 230 processes (threshold=0.5 MB)
2026-09-10 10:38:29 | DEBUG    | RAMGuard.MainWindow | Process list updated: 230 processes
2026-09-10 10:39:42 | DEBUG    | RAMGuard.Config | Config loaded from D:\Poject\Degree Project\16 Memory magement system (RamGuard)(os) Done\config\config.json
2026-09-10 10:39:42 | INFO     | RAMGuard | ============================================================
2026-09-10 10:39:42 | INFO     | RAMGuard | RAMGuard starting up
2026-09-10 10:39:42 | INFO     | RAMGuard | Python: 3.12.10 (tags/v3.12.10:0cc8128, Apr  8 2025, 12:21:36) [MSC v.1943 64 bit (AMD64)]
2026-09-10 10:39:42 | INFO     | RAMGuard | Platform: win32
2026-09-10 10:39:42 | INFO     | RAMGuard | ============================================================
2026-09-10 10:39:45 | INFO     | RAMGuard | Initialising database…
2026-09-10 10:39:45 | INFO     | RAMGuard.Database | Database initialised at D:\Poject\Degree Project\16 Memory magement system (RamGuard)(os) Done\data\ramguard.db
2026-09-10 10:39:45 | INFO     | RAMGuard | Loading configuration…
2026-09-10 10:39:45 | DEBUG    | RAMGuard.Config | Config loaded from D:\Poject\Degree Project\16 Memory magement system (RamGuard)(os) Done\config\config.json
2026-09-10 10:39:45 | INFO     | RAMGuard | Building main window…
2026-09-10 10:39:45 | INFO     | RAMGuard.SafetyManager | ProcessSafetyManager initialised (own PID=17508)
2026-09-10 10:39:45 | INFO     | RAMGuard.MemoryMonitor | MemoryMonitor initialised
2026-09-10 10:39:45 | INFO     | RAMGuard.StartupManager | Loaded 9 startup entries
2026-09-10 10:39:45 | INFO     | RAMGuard.MemoryMonitor | MemoryMonitor initialised
2026-09-10 10:39:45 | DEBUG    | RAMGuard.Workers | MonitorWorker started (interval=3s)
2026-09-10 10:39:45 | INFO     | RAMGuard | RAMGuard started successfully.
2026-09-10 10:39:53 | DEBUG    | RAMGuard.ProcessScanner | Scanned 234 processes (threshold=0.5 MB)
2026-09-10 10:39:57 | DEBUG    | RAMGuard.MainWindow | Process list updated: 234 processes
2026-09-10 10:40:08 | DEBUG    | RAMGuard.ProcessScanner | Scanned 233 processes (threshold=0.5 MB)
2026-09-10 10:40:12 | DEBUG    | RAMGuard.MainWindow | Process list updated: 233 processes
2026-09-10 10:40:15 | INFO     | RAMGuard.MainWindow | RAMGuard shutting down…
2026-09-10 10:40:34 | DEBUG    | RAMGuard.Config | Config loaded from D:\Poject\Degree Project\16 Memory magement system (RamGuard)(os) Done\config\config.json
2026-09-10 10:40:34 | INFO     | RAMGuard | ============================================================
2026-09-10 10:40:34 | INFO     | RAMGuard | RAMGuard starting up
2026-09-10 10:40:34 | INFO     | RAMGuard | Python: 3.12.10 (tags/v3.12.10:0cc8128, Apr  8 2025, 12:21:36) [MSC v.1943 64 bit (AMD64)]
2026-09-10 10:40:34 | INFO     | RAMGuard | Platform: win32
2026-09-10 10:40:34 | INFO     | RAMGuard | ============================================================
2026-09-10 10:40:37 | INFO     | RAMGuard | Initialising database…
2026-09-10 10:40:37 | INFO     | RAMGuard.Database | Database initialised at D:\Poject\Degree Project\16 Memory magement system (RamGuard)(os) Done\data\ramguard.db
2026-09-10 10:40:37 | INFO     | RAMGuard | Loading configuration…
2026-09-10 10:40:37 | DEBUG    | RAMGuard.Config | Config loaded from D:\Poject\Degree Project\16 Memory magement system (RamGuard)(os) Done\config\config.json
2026-09-10 10:40:37 | INFO     | RAMGuard | Building main window…
2026-09-10 10:40:37 | INFO     | RAMGuard.SafetyManager | ProcessSafetyManager initialised (own PID=1896)
2026-09-10 10:40:37 | INFO     | RAMGuard.MemoryMonitor | MemoryMonitor initialised
2026-09-10 10:40:37 | INFO     | RAMGuard.StartupManager | Loaded 9 startup entries
2026-09-10 10:40:37 | INFO     | RAMGuard.MemoryMonitor | MemoryMonitor initialised
2026-09-10 10:40:37 | DEBUG    | RAMGuard.Workers | MonitorWorker started (interval=3s)
2026-09-10 10:40:37 | INFO     | RAMGuard | RAMGuard started successfully.
2026-09-10 10:40:43 | DEBUG    | RAMGuard.ProcessScanner | Scanned 230 processes (threshold=0.5 MB)
2026-09-10 10:40:46 | DEBUG    | RAMGuard.MainWindow | Process list updated: 230 processes
2026-09-10 10:40:56 | DEBUG    | RAMGuard.ProcessScanner | Scanned 230 processes (threshold=0.5 MB)
2026-09-10 10:40:58 | DEBUG    | RAMGuard.MainWindow | Process list updated: 230 processes
2026-09-10 10:40:59 | INFO     | RAMGuard.MainWindow | RAMGuard shutting down…
2026-09-10 10:41:06 | DEBUG    | RAMGuard.Config | Config loaded from D:\Poject\Degree Project\16 Memory magement system (RamGuard)(os) Done\config\config.json
2026-09-10 10:41:06 | INFO     | RAMGuard | ============================================================
2026-09-10 10:41:06 | INFO     | RAMGuard | RAMGuard starting up
2026-09-10 10:41:06 | INFO     | RAMGuard | Python: 3.12.10 (tags/v3.12.10:0cc8128, Apr  8 2025, 12:21:36) [MSC v.1943 64 bit (AMD64)]
2026-09-10 10:41:06 | INFO     | RAMGuard | Platform: win32
2026-09-10 10:41:06 | INFO     | RAMGuard | ============================================================
2026-09-10 10:41:08 | INFO     | RAMGuard | Initialising database…
2026-09-10 10:41:08 | INFO     | RAMGuard.Database | Database initialised at D:\Poject\Degree Project\16 Memory magement system (RamGuard)(os) Done\data\ramguard.db
2026-09-10 10:41:08 | INFO     | RAMGuard | Loading configuration…
2026-09-10 10:41:08 | DEBUG    | RAMGuard.Config | Config loaded from D:\Poject\Degree Project\16 Memory magement system (RamGuard)(os) Done\config\config.json
2026-09-10 10:41:08 | INFO     | RAMGuard | Building main window…
2026-09-10 10:41:08 | INFO     | RAMGuard.SafetyManager | ProcessSafetyManager initialised (own PID=14352)
2026-09-10 10:41:08 | INFO     | RAMGuard.MemoryMonitor | MemoryMonitor initialised
2026-09-10 10:41:09 | INFO     | RAMGuard.StartupManager | Loaded 9 startup entries
2026-09-10 10:41:09 | INFO     | RAMGuard.MemoryMonitor | MemoryMonitor initialised
2026-09-10 10:41:09 | DEBUG    | RAMGuard.Workers | MonitorWorker started (interval=3s)
2026-09-10 10:41:09 | INFO     | RAMGuard | RAMGuard started successfully.
2026-09-10 10:41:15 | DEBUG    | RAMGuard.ProcessScanner | Scanned 232 processes (threshold=0.5 MB)
2026-09-10 10:41:18 | DEBUG    | RAMGuard.MainWindow | Process list updated: 232 processes
2026-09-10 10:41:20 | INFO     | RAMGuard.MainWindow | RAMGuard shutting down…
2026-09-10 10:42:46 | DEBUG    | RAMGuard.Config | Config loaded from D:\Poject\Degree Project\16 Memory magement system (RamGuard)(os) Done\config\config.json
2026-09-10 10:42:46 | INFO     | RAMGuard | ============================================================
2026-09-10 10:42:46 | INFO     | RAMGuard | RAMGuard starting up
2026-09-10 10:42:46 | INFO     | RAMGuard | Python: 3.12.10 (tags/v3.12.10:0cc8128, Apr  8 2025, 12:21:36) [MSC v.1943 64 bit (AMD64)]
2026-09-10 10:42:46 | INFO     | RAMGuard | Platform: win32
2026-09-10 10:42:46 | INFO     | RAMGuard | ============================================================
2026-09-10 10:42:48 | INFO     | RAMGuard | Initialising database…
2026-09-10 10:42:48 | INFO     | RAMGuard.Database | Database initialised at D:\Poject\Degree Project\16 Memory magement system (RamGuard)(os) Done\data\ramguard.db
2026-09-10 10:42:48 | INFO     | RAMGuard | Loading configuration…
2026-09-10 10:42:48 | DEBUG    | RAMGuard.Config | Config loaded from D:\Poject\Degree Project\16 Memory magement system (RamGuard)(os) Done\config\config.json
2026-09-10 10:42:48 | INFO     | RAMGuard | Building main window…
2026-09-10 10:42:48 | INFO     | RAMGuard.SafetyManager | ProcessSafetyManager initialised (own PID=19632)
2026-09-10 10:42:48 | INFO     | RAMGuard.MemoryMonitor | MemoryMonitor initialised
2026-09-10 10:42:49 | INFO     | RAMGuard.StartupManager | Loaded 9 startup entries
2026-09-10 10:42:49 | INFO     | RAMGuard.MemoryMonitor | MemoryMonitor initialised
2026-09-10 10:42:49 | DEBUG    | RAMGuard.Workers | MonitorWorker started (interval=3s)
2026-09-10 10:42:49 | INFO     | RAMGuard | RAMGuard started successfully.
2026-09-10 10:42:56 | DEBUG    | RAMGuard.ProcessScanner | Scanned 232 processes (threshold=0.5 MB)
2026-09-10 10:42:58 | DEBUG    | RAMGuard.MainWindow | Process list updated: 232 processes
2026-09-10 10:43:05 | INFO     | RAMGuard.MainWindow | RAMGuard shutting down…
2026-09-10 10:43:07 | DEBUG    | RAMGuard.ProcessScanner | Scanned 231 processes (threshold=0.5 MB)
2026-09-10 10:43:10 | DEBUG    | RAMGuard.MainWindow | Process list updated: 231 processes
2026-09-10 10:44:03 | DEBUG    | RAMGuard.Config | Config loaded from D:\Poject\Degree Project\16 Memory magement system (RamGuard)(os) Done\config\config.json
2026-09-10 10:44:03 | INFO     | RAMGuard | ============================================================
2026-09-10 10:44:03 | INFO     | RAMGuard | RAMGuard starting up
2026-09-10 10:44:03 | INFO     | RAMGuard | Python: 3.12.10 (tags/v3.12.10:0cc8128, Apr  8 2025, 12:21:36) [MSC v.1943 64 bit (AMD64)]
2026-09-10 10:44:03 | INFO     | RAMGuard | Platform: win32
2026-09-10 10:44:03 | INFO     | RAMGuard | ============================================================
2026-09-10 10:44:05 | INFO     | RAMGuard | Initialising database…
2026-09-10 10:44:05 | INFO     | RAMGuard.Database | Database initialised at D:\Poject\Degree Project\16 Memory magement system (RamGuard)(os) Done\data\ramguard.db
2026-09-10 10:44:05 | INFO     | RAMGuard | Loading configuration…
2026-09-10 10:44:05 | DEBUG    | RAMGuard.Config | Config loaded from D:\Poject\Degree Project\16 Memory magement system (RamGuard)(os) Done\config\config.json
2026-09-10 10:44:05 | INFO     | RAMGuard | Building main window…
2026-09-10 10:44:05 | INFO     | RAMGuard.SafetyManager | ProcessSafetyManager initialised (own PID=16620)
2026-09-10 10:44:05 | INFO     | RAMGuard.MemoryMonitor | MemoryMonitor initialised
2026-09-10 10:44:06 | INFO     | RAMGuard.StartupManager | Loaded 8 startup entries
2026-09-10 10:44:06 | INFO     | RAMGuard.MemoryMonitor | MemoryMonitor initialised
2026-09-10 10:44:06 | DEBUG    | RAMGuard.Workers | MonitorWorker started (interval=3s)
2026-09-10 10:44:06 | INFO     | RAMGuard | RAMGuard started successfully.
2026-09-10 10:44:10 | DEBUG    | RAMGuard.ProcessScanner | Scanned 217 processes (threshold=0.5 MB)
2026-09-10 10:44:12 | DEBUG    | RAMGuard.MainWindow | Process list updated: 217 processes
2026-09-10 10:44:21 | DEBUG    | RAMGuard.ProcessScanner | Scanned 216 processes (threshold=0.5 MB)
2026-09-10 10:44:24 | DEBUG    | RAMGuard.MainWindow | Process list updated: 216 processes
2026-09-10 10:44:33 | DEBUG    | RAMGuard.ProcessScanner | Scanned 216 processes (threshold=0.5 MB)
2026-09-10 10:44:36 | DEBUG    | RAMGuard.MainWindow | Process list updated: 216 processes
2026-09-10 10:44:45 | DEBUG    | RAMGuard.ProcessScanner | Scanned 216 processes (threshold=0.5 MB)
2026-09-10 10:44:48 | DEBUG    | RAMGuard.MainWindow | Process list updated: 216 processes
2026-09-10 10:44:58 | DEBUG    | RAMGuard.ProcessScanner | Scanned 216 processes (threshold=0.5 MB)
2026-09-10 10:45:00 | DEBUG    | RAMGuard.MainWindow | Process list updated: 216 processes
2026-09-10 10:45:10 | DEBUG    | RAMGuard.ProcessScanner | Scanned 216 processes (threshold=0.5 MB)
2026-09-10 10:45:13 | DEBUG    | RAMGuard.MainWindow | Process list updated: 216 processes
2026-09-10 10:45:22 | DEBUG    | RAMGuard.ProcessScanner | Scanned 216 processes (threshold=0.5 MB)
2026-09-10 10:45:25 | DEBUG    | RAMGuard.MainWindow | Process list updated: 216 processes
2026-09-10 10:45:35 | DEBUG    | RAMGuard.ProcessScanner | Scanned 217 processes (threshold=0.5 MB)
2026-09-10 10:45:38 | DEBUG    | RAMGuard.MainWindow | Process list updated: 217 processes
2026-09-10 10:45:47 | DEBUG    | RAMGuard.ProcessScanner | Scanned 217 processes (threshold=0.5 MB)
2026-09-10 10:45:50 | DEBUG    | RAMGuard.MainWindow | Process list updated: 217 processes
2026-09-10 10:46:00 | DEBUG    | RAMGuard.ProcessScanner | Scanned 217 processes (threshold=0.5 MB)
2026-09-10 10:46:02 | DEBUG    | RAMGuard.MainWindow | Process list updated: 217 processes
2026-09-10 10:46:13 | DEBUG    | RAMGuard.ProcessScanner | Scanned 219 processes (threshold=0.5 MB)
2026-09-10 10:46:16 | DEBUG    | RAMGuard.MainWindow | Process list updated: 219 processes
2026-09-10 10:46:26 | DEBUG    | RAMGuard.ProcessScanner | Scanned 219 processes (threshold=0.5 MB)
2026-09-10 10:46:28 | DEBUG    | RAMGuard.MainWindow | Process list updated: 219 processes
2026-09-10 10:46:37 | DEBUG    | RAMGuard.ProcessScanner | Scanned 218 processes (threshold=0.5 MB)
2026-09-10 10:46:39 | DEBUG    | RAMGuard.MainWindow | Process list updated: 218 processes
2026-09-10 10:46:48 | DEBUG    | RAMGuard.ProcessScanner | Scanned 218 processes (threshold=0.5 MB)
2026-09-10 10:46:50 | DEBUG    | RAMGuard.MainWindow | Process list updated: 218 processes
2026-09-10 10:46:58 | DEBUG    | RAMGuard.ProcessScanner | Scanned 217 processes (threshold=0.5 MB)
2026-09-10 10:47:01 | DEBUG    | RAMGuard.MainWindow | Process list updated: 217 processes
2026-09-10 10:47:09 | DEBUG    | RAMGuard.ProcessScanner | Scanned 217 processes (threshold=0.5 MB)
2026-09-10 10:47:11 | DEBUG    | RAMGuard.MainWindow | Process list updated: 217 processes
2026-09-10 10:47:20 | DEBUG    | RAMGuard.ProcessScanner | Scanned 217 processes (threshold=0.5 MB)
2026-09-10 10:47:22 | DEBUG    | RAMGuard.MainWindow | Process list updated: 217 processes
2026-09-10 10:47:30 | DEBUG    | RAMGuard.ProcessScanner | Scanned 217 processes (threshold=0.5 MB)
2026-09-10 10:47:33 | DEBUG    | RAMGuard.MainWindow | Process list updated: 217 processes
2026-09-10 10:47:43 | DEBUG    | RAMGuard.ProcessScanner | Scanned 217 processes (threshold=0.5 MB)
2026-09-10 10:47:46 | DEBUG    | RAMGuard.MainWindow | Process list updated: 217 processes
2026-09-10 10:47:55 | DEBUG    | RAMGuard.ProcessScanner | Scanned 217 processes (threshold=0.5 MB)
2026-09-10 10:47:58 | DEBUG    | RAMGuard.MainWindow | Process list updated: 217 processes
2026-09-10 10:48:07 | DEBUG    | RAMGuard.Config | Config loaded from D:\Poject\Degree Project\16 Memory magement system (RamGuard)(os) Done\config\config.json
2026-09-10 10:48:07 | INFO     | RAMGuard | ============================================================
2026-09-10 10:48:07 | INFO     | RAMGuard | RAMGuard starting up
2026-09-10 10:48:07 | INFO     | RAMGuard | Python: 3.12.10 (tags/v3.12.10:0cc8128, Apr  8 2025, 12:21:36) [MSC v.1943 64 bit (AMD64)]
2026-09-10 10:48:07 | INFO     | RAMGuard | Platform: win32
2026-09-10 10:48:07 | INFO     | RAMGuard | ============================================================
2026-09-10 10:48:08 | DEBUG    | RAMGuard.ProcessScanner | Scanned 217 processes (threshold=0.5 MB)
2026-09-10 10:48:09 | INFO     | RAMGuard | Initialising database…
2026-09-10 10:48:09 | INFO     | RAMGuard.Database | Database initialised at D:\Poject\Degree Project\16 Memory magement system (RamGuard)(os) Done\data\ramguard.db
2026-09-10 10:48:09 | INFO     | RAMGuard | Loading configuration…
2026-09-10 10:48:09 | DEBUG    | RAMGuard.Config | Config loaded from D:\Poject\Degree Project\16 Memory magement system (RamGuard)(os) Done\config\config.json
2026-09-10 10:48:09 | INFO     | RAMGuard | Building main window…
2026-09-10 10:48:09 | INFO     | RAMGuard.SafetyManager | ProcessSafetyManager initialised (own PID=5468)
2026-09-10 10:48:09 | INFO     | RAMGuard.MemoryMonitor | MemoryMonitor initialised
2026-09-10 10:48:10 | INFO     | RAMGuard.StartupManager | Loaded 8 startup entries
2026-09-10 10:48:10 | INFO     | RAMGuard.MemoryMonitor | MemoryMonitor initialised
2026-09-10 10:48:10 | DEBUG    | RAMGuard.Workers | MonitorWorker started (interval=3s)
2026-09-10 10:48:10 | INFO     | RAMGuard | RAMGuard started successfully.
2026-09-10 10:48:11 | DEBUG    | RAMGuard.MainWindow | Process list updated: 217 processes
2026-09-10 10:48:15 | DEBUG    | RAMGuard.ProcessScanner | Scanned 218 processes (threshold=0.5 MB)
2026-09-10 10:48:18 | DEBUG    | RAMGuard.MainWindow | Process list updated: 218 processes
2026-09-10 10:48:21 | DEBUG    | RAMGuard.ProcessScanner | Scanned 218 processes (threshold=0.5 MB)
2026-09-10 10:48:24 | DEBUG    | RAMGuard.MainWindow | Process list updated: 218 processes
2026-09-10 10:48:28 | DEBUG    | RAMGuard.ProcessScanner | Scanned 218 processes (threshold=0.5 MB)
2026-09-10 10:48:31 | DEBUG    | RAMGuard.MainWindow | Process list updated: 218 processes
2026-09-10 10:48:34 | DEBUG    | RAMGuard.ProcessScanner | Scanned 218 processes (threshold=0.5 MB)
2026-09-10 10:48:37 | DEBUG    | RAMGuard.MainWindow | Process list updated: 218 processes
2026-09-10 10:48:41 | DEBUG    | RAMGuard.ProcessScanner | Scanned 218 processes (threshold=0.5 MB)
2026-09-10 10:48:44 | DEBUG    | RAMGuard.MainWindow | Process list updated: 218 processes
2026-09-10 10:48:47 | DEBUG    | RAMGuard.ProcessScanner | Scanned 218 processes (threshold=0.5 MB)
2026-09-10 10:48:50 | DEBUG    | RAMGuard.MainWindow | Process list updated: 218 processes
2026-09-10 10:48:54 | DEBUG    | RAMGuard.ProcessScanner | Scanned 218 processes (threshold=0.5 MB)
2026-09-10 10:48:57 | DEBUG    | RAMGuard.MainWindow | Process list updated: 218 processes
2026-09-10 10:49:00 | DEBUG    | RAMGuard.ProcessScanner | Scanned 218 processes (threshold=0.5 MB)
2026-09-10 10:49:03 | DEBUG    | RAMGuard.MainWindow | Process list updated: 218 processes
2026-09-10 10:49:07 | DEBUG    | RAMGuard.ProcessScanner | Scanned 218 processes (threshold=0.5 MB)
2026-09-10 10:49:09 | DEBUG    | RAMGuard.MainWindow | Process list updated: 218 processes
2026-09-10 10:49:12 | DEBUG    | RAMGuard.ProcessScanner | Scanned 218 processes (threshold=0.5 MB)
2026-09-10 10:49:14 | DEBUG    | RAMGuard.MainWindow | Process list updated: 218 processes
2026-09-10 10:49:17 | DEBUG    | RAMGuard.ProcessScanner | Scanned 218 processes (threshold=0.5 MB)
2026-09-10 10:49:19 | DEBUG    | RAMGuard.MainWindow | Process list updated: 218 processes
2026-09-10 10:49:19 | INFO     | RAMGuard.MainWindow | RAMGuard shutting down…
2026-09-10 10:49:25 | DEBUG    | RAMGuard.ProcessScanner | Scanned 215 processes (threshold=0.5 MB)
2026-09-10 10:49:27 | DEBUG    | RAMGuard.MainWindow | Process list updated: 215 processes
2026-09-10 10:49:35 | DEBUG    | RAMGuard.ProcessScanner | Scanned 215 processes (threshold=0.5 MB)
2026-09-10 10:49:38 | DEBUG    | RAMGuard.MainWindow | Process list updated: 215 processes
2026-09-10 10:49:46 | DEBUG    | RAMGuard.ProcessScanner | Scanned 215 processes (threshold=0.5 MB)
2026-09-10 10:49:48 | DEBUG    | RAMGuard.MainWindow | Process list updated: 215 processes
2026-09-10 10:49:56 | DEBUG    | RAMGuard.ProcessScanner | Scanned 215 processes (threshold=0.5 MB)
2026-09-10 10:49:58 | DEBUG    | RAMGuard.MainWindow | Process list updated: 215 processes
2026-09-10 10:50:07 | DEBUG    | RAMGuard.ProcessScanner | Scanned 215 processes (threshold=0.5 MB)
2026-09-10 10:50:09 | DEBUG    | RAMGuard.MainWindow | Process list updated: 215 processes
2026-09-10 10:50:19 | DEBUG    | RAMGuard.ProcessScanner | Scanned 215 processes (threshold=0.5 MB)
2026-09-10 10:50:22 | DEBUG    | RAMGuard.MainWindow | Process list updated: 215 processes
2026-09-10 10:50:31 | DEBUG    | RAMGuard.ProcessScanner | Scanned 215 processes (threshold=0.5 MB)
2026-09-10 10:50:34 | DEBUG    | RAMGuard.MainWindow | Process list updated: 215 processes
2026-09-10 10:50:42 | DEBUG    | RAMGuard.ProcessScanner | Scanned 215 processes (threshold=0.5 MB)
2026-09-10 10:50:44 | DEBUG    | RAMGuard.MainWindow | Process list updated: 215 processes
2026-09-10 10:50:52 | DEBUG    | RAMGuard.ProcessScanner | Scanned 215 processes (threshold=0.5 MB)
2026-09-10 10:50:54 | DEBUG    | RAMGuard.MainWindow | Process list updated: 215 processes
2026-09-10 10:51:02 | DEBUG    | RAMGuard.ProcessScanner | Scanned 215 processes (threshold=0.5 MB)
2026-09-10 10:51:04 | DEBUG    | RAMGuard.MainWindow | Process list updated: 215 processes
2026-09-10 10:53:12 | DEBUG    | RAMGuard.Config | Config loaded from D:\Poject\Degree Project\16 Memory magement system (RamGuard)(os) Done\config\config.json
2026-09-10 10:53:12 | INFO     | RAMGuard | ============================================================
2026-09-10 10:53:12 | INFO     | RAMGuard | RAMGuard starting up
2026-09-10 10:53:12 | INFO     | RAMGuard | Python: 3.12.10 (tags/v3.12.10:0cc8128, Apr  8 2025, 12:21:36) [MSC v.1943 64 bit (AMD64)]
2026-09-10 10:53:12 | INFO     | RAMGuard | Platform: win32
2026-09-10 10:53:12 | INFO     | RAMGuard | ============================================================
2026-09-10 10:53:14 | INFO     | RAMGuard | Initialising database…
2026-09-10 10:53:14 | INFO     | RAMGuard.Database | Database initialised at D:\Poject\Degree Project\16 Memory magement system (RamGuard)(os) Done\data\ramguard.db
2026-09-10 10:53:14 | INFO     | RAMGuard | Loading configuration…
2026-09-10 10:53:14 | DEBUG    | RAMGuard.Config | Config loaded from D:\Poject\Degree Project\16 Memory magement system (RamGuard)(os) Done\config\config.json
2026-09-10 10:53:14 | INFO     | RAMGuard | Building main window…
2026-09-10 10:53:14 | INFO     | RAMGuard.SafetyManager | ProcessSafetyManager initialised (own PID=19496)
2026-09-10 10:53:14 | INFO     | RAMGuard.MemoryMonitor | MemoryMonitor initialised
2026-09-10 10:53:14 | INFO     | RAMGuard.StartupManager | Loaded 8 startup entries
2026-09-10 10:53:14 | INFO     | RAMGuard.MemoryMonitor | MemoryMonitor initialised
2026-09-10 10:53:14 | DEBUG    | RAMGuard.Workers | MonitorWorker started (interval=3s)
2026-09-10 10:53:14 | INFO     | RAMGuard | RAMGuard started successfully.
2026-09-10 10:53:18 | DEBUG    | RAMGuard.ProcessScanner | Scanned 210 processes (threshold=0.5 MB)
2026-09-10 10:53:20 | DEBUG    | RAMGuard.MainWindow | Process list updated: 210 processes
2026-09-10 10:53:24 | INFO     | RAMGuard.MainWindow | RAMGuard shutting down…
2026-09-10 10:53:30 | DEBUG    | RAMGuard.ProcessScanner | Scanned 210 processes (threshold=0.5 MB)
2026-09-10 10:54:59 | DEBUG    | RAMGuard.Config | Config loaded from D:\Poject\Degree Project\16 Memory magement system (RamGuard)(os) Done\config\config.json
2026-09-10 10:54:59 | INFO     | RAMGuard | ============================================================
2026-09-10 10:54:59 | INFO     | RAMGuard | RAMGuard starting up
2026-09-10 10:54:59 | INFO     | RAMGuard | Python: 3.12.10 (tags/v3.12.10:0cc8128, Apr  8 2025, 12:21:36) [MSC v.1943 64 bit (AMD64)]
2026-09-10 10:54:59 | INFO     | RAMGuard | Platform: win32
2026-09-10 10:54:59 | INFO     | RAMGuard | ============================================================
2026-09-10 10:55:01 | INFO     | RAMGuard | Initialising database…
2026-09-10 10:55:01 | INFO     | RAMGuard.Database | Database initialised at D:\Poject\Degree Project\16 Memory magement system (RamGuard)(os) Done\data\ramguard.db
2026-09-10 10:55:01 | INFO     | RAMGuard | Loading configuration…
2026-09-10 10:55:01 | DEBUG    | RAMGuard.Config | Config loaded from D:\Poject\Degree Project\16 Memory magement system (RamGuard)(os) Done\config\config.json
2026-09-10 10:55:01 | INFO     | RAMGuard | Building main window…
2026-09-10 10:55:01 | INFO     | RAMGuard.SafetyManager | ProcessSafetyManager initialised (own PID=10804)
2026-09-10 10:55:01 | INFO     | RAMGuard.MemoryMonitor | MemoryMonitor initialised
2026-09-10 10:55:02 | INFO     | RAMGuard.StartupManager | Loaded 8 startup entries
2026-09-10 10:55:02 | INFO     | RAMGuard.MemoryMonitor | MemoryMonitor initialised
2026-09-10 10:55:02 | DEBUG    | RAMGuard.Workers | MonitorWorker started (interval=3s)
2026-09-10 10:55:02 | INFO     | RAMGuard | RAMGuard started successfully.
2026-09-10 10:55:05 | DEBUG    | RAMGuard.ProcessScanner | Scanned 211 processes (threshold=0.5 MB)
2026-09-10 10:55:07 | DEBUG    | RAMGuard.MainWindow | Process list updated: 211 processes
2026-09-10 10:55:15 | DEBUG    | RAMGuard.ProcessScanner | Scanned 214 processes (threshold=0.5 MB)
2026-09-10 10:55:18 | DEBUG    | RAMGuard.MainWindow | Process list updated: 214 processes
2026-09-10 10:55:26 | DEBUG    | RAMGuard.ProcessScanner | Scanned 213 processes (threshold=0.5 MB)
2026-09-10 10:55:28 | DEBUG    | RAMGuard.MainWindow | Process list updated: 213 processes
2026-09-10 10:55:30 | INFO     | RAMGuard.MainWindow | RAMGuard shutting down…
2026-09-10 10:56:04 | DEBUG    | RAMGuard.Config | Config loaded from D:\Poject\Degree Project\16 Memory magement system (RamGuard)(os) Done\config\config.json
2026-09-10 10:56:04 | INFO     | RAMGuard | ============================================================
2026-09-10 10:56:04 | INFO     | RAMGuard | RAMGuard starting up
2026-09-10 10:56:04 | INFO     | RAMGuard | Python: 3.12.10 (tags/v3.12.10:0cc8128, Apr  8 2025, 12:21:36) [MSC v.1943 64 bit (AMD64)]
2026-09-10 10:56:04 | INFO     | RAMGuard | Platform: win32
2026-09-10 10:56:04 | INFO     | RAMGuard | ============================================================
2026-09-10 10:56:06 | INFO     | RAMGuard | Initialising database…
2026-09-10 10:56:06 | INFO     | RAMGuard.Database | Database initialised at D:\Poject\Degree Project\16 Memory magement system (RamGuard)(os) Done\data\ramguard.db
2026-09-10 10:56:06 | INFO     | RAMGuard | Loading configuration…
2026-09-10 10:56:06 | DEBUG    | RAMGuard.Config | Config loaded from D:\Poject\Degree Project\16 Memory magement system (RamGuard)(os) Done\config\config.json
2026-09-10 10:56:06 | INFO     | RAMGuard | Building main window…
2026-09-10 10:56:06 | INFO     | RAMGuard.SafetyManager | ProcessSafetyManager initialised (own PID=18320)
2026-09-10 10:56:06 | INFO     | RAMGuard.MemoryMonitor | MemoryMonitor initialised
2026-09-10 10:56:06 | INFO     | RAMGuard.StartupManager | Loaded 8 startup entries
2026-09-10 10:56:06 | INFO     | RAMGuard.MemoryMonitor | MemoryMonitor initialised
2026-09-10 10:56:06 | DEBUG    | RAMGuard.Workers | MonitorWorker started (interval=3s)
2026-09-10 10:56:06 | INFO     | RAMGuard | RAMGuard started successfully.
2026-09-10 10:56:09 | DEBUG    | RAMGuard.ProcessScanner | Scanned 213 processes (threshold=0.5 MB)
2026-09-10 10:56:11 | DEBUG    | RAMGuard.MainWindow | Process list updated: 213 processes
2026-09-10 10:56:19 | DEBUG    | RAMGuard.ProcessScanner | Scanned 213 processes (threshold=0.5 MB)
2026-09-10 10:56:21 | DEBUG    | RAMGuard.MainWindow | Process list updated: 213 processes
2026-09-10 10:56:29 | DEBUG    | RAMGuard.ProcessScanner | Scanned 213 processes (threshold=0.5 MB)
2026-09-10 10:56:31 | DEBUG    | RAMGuard.MainWindow | Process list updated: 213 processes
2026-09-10 10:56:39 | DEBUG    | RAMGuard.ProcessScanner | Scanned 213 processes (threshold=0.5 MB)
2026-09-10 10:56:41 | DEBUG    | RAMGuard.MainWindow | Process list updated: 213 processes
2026-09-10 10:56:49 | DEBUG    | RAMGuard.ProcessScanner | Scanned 213 processes (threshold=0.5 MB)
2026-09-10 10:56:51 | DEBUG    | RAMGuard.MainWindow | Process list updated: 213 processes
2026-09-10 10:56:59 | DEBUG    | RAMGuard.ProcessScanner | Scanned 213 processes (threshold=0.5 MB)
2026-09-10 10:57:01 | DEBUG    | RAMGuard.MainWindow | Process list updated: 213 processes
2026-09-10 10:57:09 | DEBUG    | RAMGuard.ProcessScanner | Scanned 213 processes (threshold=0.5 MB)
2026-09-10 10:57:11 | DEBUG    | RAMGuard.MainWindow | Process list updated: 213 processes
2026-09-10 10:57:18 | DEBUG    | RAMGuard.ProcessScanner | Scanned 213 processes (threshold=0.5 MB)
2026-09-10 10:57:21 | DEBUG    | RAMGuard.MainWindow | Process list updated: 213 processes
2026-09-10 10:57:29 | DEBUG    | RAMGuard.ProcessScanner | Scanned 220 processes (threshold=0.5 MB)
2026-09-10 10:57:31 | DEBUG    | RAMGuard.MainWindow | Process list updated: 220 processes
2026-09-10 10:57:39 | DEBUG    | RAMGuard.ProcessScanner | Scanned 220 processes (threshold=0.5 MB)
2026-09-10 10:57:41 | DEBUG    | RAMGuard.MainWindow | Process list updated: 220 processes
2026-09-10 10:57:49 | DEBUG    | RAMGuard.ProcessScanner | Scanned 220 processes (threshold=0.5 MB)
2026-09-10 10:57:51 | DEBUG    | RAMGuard.MainWindow | Process list updated: 220 processes
2026-09-10 10:57:59 | DEBUG    | RAMGuard.ProcessScanner | Scanned 220 processes (threshold=0.5 MB)
2026-09-10 10:58:01 | DEBUG    | RAMGuard.MainWindow | Process list updated: 220 processes
2026-09-10 10:58:09 | DEBUG    | RAMGuard.ProcessScanner | Scanned 219 processes (threshold=0.5 MB)
2026-09-10 10:58:11 | DEBUG    | RAMGuard.MainWindow | Process list updated: 219 processes
2026-09-10 10:58:18 | DEBUG    | RAMGuard.ProcessScanner | Scanned 219 processes (threshold=0.5 MB)
2026-09-10 10:58:20 | DEBUG    | RAMGuard.MainWindow | Process list updated: 219 processes
2026-09-10 10:58:28 | DEBUG    | RAMGuard.ProcessScanner | Scanned 218 processes (threshold=0.5 MB)
2026-09-10 10:58:30 | DEBUG    | RAMGuard.MainWindow | Process list updated: 218 processes
2026-09-10 10:58:38 | DEBUG    | RAMGuard.ProcessScanner | Scanned 218 processes (threshold=0.5 MB)
2026-09-10 10:58:40 | DEBUG    | RAMGuard.MainWindow | Process list updated: 218 processes
2026-09-10 10:58:47 | DEBUG    | RAMGuard.ProcessScanner | Scanned 218 processes (threshold=0.5 MB)
2026-09-10 10:58:49 | DEBUG    | RAMGuard.MainWindow | Process list updated: 218 processes
2026-09-10 10:58:57 | DEBUG    | RAMGuard.ProcessScanner | Scanned 217 processes (threshold=0.5 MB)
2026-09-10 10:58:59 | DEBUG    | RAMGuard.MainWindow | Process list updated: 217 processes
2026-09-10 10:59:06 | DEBUG    | RAMGuard.ProcessScanner | Scanned 217 processes (threshold=0.5 MB)
2026-09-10 10:59:08 | DEBUG    | RAMGuard.MainWindow | Process list updated: 217 processes
2026-09-10 10:59:15 | DEBUG    | RAMGuard.ProcessScanner | Scanned 217 processes (threshold=0.5 MB)
2026-09-10 10:59:17 | DEBUG    | RAMGuard.MainWindow | Process list updated: 217 processes
2026-09-10 10:59:24 | DEBUG    | RAMGuard.ProcessScanner | Scanned 216 processes (threshold=0.5 MB)
2026-09-10 10:59:26 | DEBUG    | RAMGuard.MainWindow | Process list updated: 216 processes
2026-09-10 10:59:34 | DEBUG    | RAMGuard.ProcessScanner | Scanned 215 processes (threshold=0.5 MB)
2026-09-10 10:59:36 | DEBUG    | RAMGuard.MainWindow | Process list updated: 215 processes
2026-09-10 10:59:43 | DEBUG    | RAMGuard.ProcessScanner | Scanned 215 processes (threshold=0.5 MB)
2026-09-10 10:59:45 | DEBUG    | RAMGuard.MainWindow | Process list updated: 215 processes
2026-09-10 10:59:52 | DEBUG    | RAMGuard.ProcessScanner | Scanned 213 processes (threshold=0.5 MB)
2026-09-10 10:59:54 | DEBUG    | RAMGuard.MainWindow | Process list updated: 213 processes
2026-09-10 11:00:01 | DEBUG    | RAMGuard.ProcessScanner | Scanned 214 processes (threshold=0.5 MB)
2026-09-10 11:00:03 | DEBUG    | RAMGuard.MainWindow | Process list updated: 214 processes
2026-09-10 11:00:10 | DEBUG    | RAMGuard.ProcessScanner | Scanned 214 processes (threshold=0.5 MB)
2026-09-10 11:00:12 | DEBUG    | RAMGuard.MainWindow | Process list updated: 214 processes
2026-09-10 11:00:19 | DEBUG    | RAMGuard.ProcessScanner | Scanned 214 processes (threshold=0.5 MB)
2026-09-10 11:00:21 | DEBUG    | RAMGuard.MainWindow | Process list updated: 214 processes
2026-09-10 11:00:29 | DEBUG    | RAMGuard.ProcessScanner | Scanned 214 processes (threshold=0.5 MB)
2026-09-10 11:00:31 | DEBUG    | RAMGuard.MainWindow | Process list updated: 214 processes
2026-09-10 11:00:38 | DEBUG    | RAMGuard.ProcessScanner | Scanned 215 processes (threshold=0.5 MB)
2026-09-10 11:00:40 | DEBUG    | RAMGuard.MainWindow | Process list updated: 215 processes
2026-09-10 11:00:48 | DEBUG    | RAMGuard.ProcessScanner | Scanned 215 processes (threshold=0.5 MB)
2026-09-10 11:00:50 | DEBUG    | RAMGuard.MainWindow | Process list updated: 215 processes
2026-09-10 11:00:57 | DEBUG    | RAMGuard.ProcessScanner | Scanned 213 processes (threshold=0.5 MB)
2026-09-10 11:00:59 | DEBUG    | RAMGuard.MainWindow | Process list updated: 213 processes
2026-09-10 11:01:06 | DEBUG    | RAMGuard.ProcessScanner | Scanned 213 processes (threshold=0.5 MB)
2026-09-10 11:01:08 | DEBUG    | RAMGuard.MainWindow | Process list updated: 213 processes
2026-09-10 11:01:15 | DEBUG    | RAMGuard.ProcessScanner | Scanned 213 processes (threshold=0.5 MB)
2026-09-10 11:01:17 | DEBUG    | RAMGuard.MainWindow | Process list updated: 213 processes
2026-09-10 11:01:24 | DEBUG    | RAMGuard.ProcessScanner | Scanned 213 processes (threshold=0.5 MB)
2026-09-10 11:01:26 | DEBUG    | RAMGuard.MainWindow | Process list updated: 213 processes
2026-09-10 11:01:34 | DEBUG    | RAMGuard.ProcessScanner | Scanned 213 processes (threshold=0.5 MB)
2026-09-10 11:01:36 | DEBUG    | RAMGuard.MainWindow | Process list updated: 213 processes
2026-09-10 11:01:43 | DEBUG    | RAMGuard.ProcessScanner | Scanned 213 processes (threshold=0.5 MB)
2026-09-10 11:01:45 | DEBUG    | RAMGuard.MainWindow | Process list updated: 213 processes
2026-09-10 11:01:52 | DEBUG    | RAMGuard.ProcessScanner | Scanned 213 processes (threshold=0.5 MB)
2026-09-10 11:01:54 | DEBUG    | RAMGuard.MainWindow | Process list updated: 213 processes
2026-09-10 11:02:01 | DEBUG    | RAMGuard.ProcessScanner | Scanned 213 processes (threshold=0.5 MB)
2026-09-10 11:02:03 | DEBUG    | RAMGuard.MainWindow | Process list updated: 213 processes
2026-09-10 11:02:10 | DEBUG    | RAMGuard.ProcessScanner | Scanned 211 processes (threshold=0.5 MB)
2026-09-10 11:02:12 | DEBUG    | RAMGuard.MainWindow | Process list updated: 211 processes
2026-09-10 11:02:19 | DEBUG    | RAMGuard.ProcessScanner | Scanned 211 processes (threshold=0.5 MB)
2026-09-10 11:02:21 | DEBUG    | RAMGuard.MainWindow | Process list updated: 211 processes
2026-09-10 11:02:29 | DEBUG    | RAMGuard.ProcessScanner | Scanned 210 processes (threshold=0.5 MB)
2026-09-10 11:02:30 | DEBUG    | RAMGuard.MainWindow | Process list updated: 210 processes
2026-09-10 11:02:38 | DEBUG    | RAMGuard.ProcessScanner | Scanned 210 processes (threshold=0.5 MB)
2026-09-10 11:02:39 | DEBUG    | RAMGuard.MainWindow | Process list updated: 210 processes
2026-09-10 11:02:46 | DEBUG    | RAMGuard.ProcessScanner | Scanned 210 processes (threshold=0.5 MB)
2026-09-10 11:02:48 | DEBUG    | RAMGuard.MainWindow | Process list updated: 210 processes
2026-09-10 11:02:56 | DEBUG    | RAMGuard.ProcessScanner | Scanned 210 processes (threshold=0.5 MB)
2026-09-10 11:02:57 | DEBUG    | RAMGuard.MainWindow | Process list updated: 210 processes
2026-09-10 11:03:05 | DEBUG    | RAMGuard.ProcessScanner | Scanned 210 processes (threshold=0.5 MB)
2026-09-10 11:03:06 | DEBUG    | RAMGuard.MainWindow | Process list updated: 210 processes
2026-09-10 11:03:13 | DEBUG    | RAMGuard.ProcessScanner | Scanned 210 processes (threshold=0.5 MB)
2026-09-10 11:03:15 | DEBUG    | RAMGuard.MainWindow | Process list updated: 210 processes
2026-09-10 11:03:23 | DEBUG    | RAMGuard.ProcessScanner | Scanned 212 processes (threshold=0.5 MB)
2026-09-10 11:03:25 | DEBUG    | RAMGuard.MainWindow | Process list updated: 212 processes
2026-09-10 11:03:32 | DEBUG    | RAMGuard.ProcessScanner | Scanned 212 processes (threshold=0.5 MB)
2026-09-10 11:03:34 | DEBUG    | RAMGuard.MainWindow | Process list updated: 212 processes
2026-09-10 11:03:42 | DEBUG    | RAMGuard.ProcessScanner | Scanned 212 processes (threshold=0.5 MB)
2026-09-10 11:03:44 | DEBUG    | RAMGuard.MainWindow | Process list updated: 212 processes
2026-09-10 11:03:51 | DEBUG    | RAMGuard.ProcessScanner | Scanned 212 processes (threshold=0.5 MB)
2026-09-10 11:03:53 | DEBUG    | RAMGuard.MainWindow | Process list updated: 212 processes
2026-09-10 11:04:01 | DEBUG    | RAMGuard.ProcessScanner | Scanned 212 processes (threshold=0.5 MB)
2026-09-10 11:04:03 | DEBUG    | RAMGuard.MainWindow | Process list updated: 212 processes
2026-09-10 11:04:10 | DEBUG    | RAMGuard.ProcessScanner | Scanned 211 processes (threshold=0.5 MB)
2026-09-10 11:04:12 | DEBUG    | RAMGuard.MainWindow | Process list updated: 211 processes
2026-09-10 11:04:20 | DEBUG    | RAMGuard.ProcessScanner | Scanned 211 processes (threshold=0.5 MB)
2026-09-10 11:04:21 | DEBUG    | RAMGuard.MainWindow | Process list updated: 211 processes
2026-09-10 11:04:29 | DEBUG    | RAMGuard.ProcessScanner | Scanned 211 processes (threshold=0.5 MB)
2026-09-10 11:04:30 | DEBUG    | RAMGuard.MainWindow | Process list updated: 211 processes
2026-09-10 11:04:37 | DEBUG    | RAMGuard.ProcessScanner | Scanned 211 processes (threshold=0.5 MB)
2026-09-10 11:04:39 | DEBUG    | RAMGuard.MainWindow | Process list updated: 211 processes
2026-09-10 11:04:46 | DEBUG    | RAMGuard.ProcessScanner | Scanned 211 processes (threshold=0.5 MB)
2026-09-10 11:04:48 | DEBUG    | RAMGuard.MainWindow | Process list updated: 211 processes
2026-09-10 11:04:55 | DEBUG    | RAMGuard.ProcessScanner | Scanned 211 processes (threshold=0.5 MB)
2026-09-10 11:04:57 | DEBUG    | RAMGuard.MainWindow | Process list updated: 211 processes
2026-09-10 11:05:04 | DEBUG    | RAMGuard.ProcessScanner | Scanned 211 processes (threshold=0.5 MB)
2026-09-10 11:05:06 | DEBUG    | RAMGuard.MainWindow | Process list updated: 211 processes
2026-09-10 11:05:13 | DEBUG    | RAMGuard.ProcessScanner | Scanned 211 processes (threshold=0.5 MB)
2026-09-10 11:05:15 | DEBUG    | RAMGuard.MainWindow | Process list updated: 211 processes
2026-09-10 11:05:22 | DEBUG    | RAMGuard.ProcessScanner | Scanned 211 processes (threshold=0.5 MB)
2026-09-10 11:05:24 | DEBUG    | RAMGuard.MainWindow | Process list updated: 211 processes
2026-09-10 11:05:31 | DEBUG    | RAMGuard.ProcessScanner | Scanned 211 processes (threshold=0.5 MB)
2026-09-10 11:05:33 | DEBUG    | RAMGuard.MainWindow | Process list updated: 211 processes
2026-09-10 11:05:40 | DEBUG    | RAMGuard.ProcessScanner | Scanned 211 processes (threshold=0.5 MB)
2026-09-10 11:05:42 | DEBUG    | RAMGuard.MainWindow | Process list updated: 211 processes
2026-09-10 11:05:49 | DEBUG    | RAMGuard.ProcessScanner | Scanned 211 processes (threshold=0.5 MB)
2026-09-10 11:05:51 | DEBUG    | RAMGuard.MainWindow | Process list updated: 211 processes
2026-09-10 11:05:58 | DEBUG    | RAMGuard.ProcessScanner | Scanned 211 processes (threshold=0.5 MB)
2026-09-10 11:06:00 | DEBUG    | RAMGuard.MainWindow | Process list updated: 211 processes
2026-09-10 11:06:07 | DEBUG    | RAMGuard.ProcessScanner | Scanned 211 processes (threshold=0.5 MB)
2026-09-10 11:06:09 | DEBUG    | RAMGuard.MainWindow | Process list updated: 211 processes
2026-09-10 11:06:16 | DEBUG    | RAMGuard.ProcessScanner | Scanned 211 processes (threshold=0.5 MB)
2026-09-10 11:06:18 | DEBUG    | RAMGuard.MainWindow | Process list updated: 211 processes
2026-09-10 11:06:25 | DEBUG    | RAMGuard.ProcessScanner | Scanned 211 processes (threshold=0.5 MB)
2026-09-10 11:06:26 | DEBUG    | RAMGuard.MainWindow | Process list updated: 211 processes
2026-09-10 11:06:34 | DEBUG    | RAMGuard.ProcessScanner | Scanned 211 processes (threshold=0.5 MB)
2026-09-10 11:06:35 | DEBUG    | RAMGuard.MainWindow | Process list updated: 211 processes
2026-09-10 11:06:42 | DEBUG    | RAMGuard.ProcessScanner | Scanned 211 processes (threshold=0.5 MB)
2026-09-10 11:06:44 | DEBUG    | RAMGuard.MainWindow | Process list updated: 211 processes
2026-09-10 11:06:51 | DEBUG    | RAMGuard.ProcessScanner | Scanned 211 processes (threshold=0.5 MB)
2026-09-10 11:06:53 | DEBUG    | RAMGuard.MainWindow | Process list updated: 211 processes
2026-09-10 11:07:00 | DEBUG    | RAMGuard.ProcessScanner | Scanned 211 processes (threshold=0.5 MB)
2026-09-10 11:07:02 | DEBUG    | RAMGuard.MainWindow | Process list updated: 211 processes
2026-09-10 11:07:09 | DEBUG    | RAMGuard.ProcessScanner | Scanned 211 processes (threshold=0.5 MB)
2026-09-10 11:07:11 | DEBUG    | RAMGuard.MainWindow | Process list updated: 211 processes
2026-09-10 11:07:18 | DEBUG    | RAMGuard.ProcessScanner | Scanned 211 processes (threshold=0.5 MB)
2026-09-10 11:07:20 | DEBUG    | RAMGuard.MainWindow | Process list updated: 211 processes
2026-09-10 11:07:27 | DEBUG    | RAMGuard.ProcessScanner | Scanned 211 processes (threshold=0.5 MB)
2026-09-10 11:07:29 | DEBUG    | RAMGuard.MainWindow | Process list updated: 211 processes
2026-09-10 11:07:36 | DEBUG    | RAMGuard.ProcessScanner | Scanned 211 processes (threshold=0.5 MB)
2026-09-10 11:07:38 | DEBUG    | RAMGuard.MainWindow | Process list updated: 211 processes
2026-09-10 11:07:45 | DEBUG    | RAMGuard.ProcessScanner | Scanned 211 processes (threshold=0.5 MB)
2026-09-10 11:07:47 | DEBUG    | RAMGuard.MainWindow | Process list updated: 211 processes
2026-09-10 11:07:54 | DEBUG    | RAMGuard.ProcessScanner | Scanned 211 processes (threshold=0.5 MB)
2026-09-10 11:07:56 | DEBUG    | RAMGuard.MainWindow | Process list updated: 211 processes
2026-09-10 11:08:03 | DEBUG    | RAMGuard.ProcessScanner | Scanned 211 processes (threshold=0.5 MB)
2026-09-10 11:08:05 | DEBUG    | RAMGuard.MainWindow | Process list updated: 211 processes
2026-09-10 11:08:12 | DEBUG    | RAMGuard.ProcessScanner | Scanned 211 processes (threshold=0.5 MB)
2026-09-10 11:08:14 | DEBUG    | RAMGuard.MainWindow | Process list updated: 211 processes
2026-09-10 11:08:23 | DEBUG    | RAMGuard.ProcessScanner | Scanned 221 processes (threshold=0.5 MB)
2026-09-10 11:08:26 | DEBUG    | RAMGuard.MainWindow | Process list updated: 221 processes
2026-09-10 11:08:34 | DEBUG    | RAMGuard.ProcessScanner | Scanned 225 processes (threshold=0.5 MB)
2026-09-10 11:08:37 | DEBUG    | RAMGuard.MainWindow | Process list updated: 225 processes
2026-09-10 11:08:46 | DEBUG    | RAMGuard.ProcessScanner | Scanned 227 processes (threshold=0.5 MB)
2026-09-10 11:08:48 | DEBUG    | RAMGuard.MainWindow | Process list updated: 227 processes
2026-09-10 11:08:56 | DEBUG    | RAMGuard.ProcessScanner | Scanned 228 processes (threshold=0.5 MB)
2026-09-10 11:08:59 | DEBUG    | RAMGuard.MainWindow | Process list updated: 228 processes
2026-09-10 11:09:07 | DEBUG    | RAMGuard.ProcessScanner | Scanned 228 processes (threshold=0.5 MB)
2026-09-10 11:09:09 | DEBUG    | RAMGuard.MainWindow | Process list updated: 228 processes
2026-09-10 11:09:19 | DEBUG    | RAMGuard.ProcessScanner | Scanned 228 processes (threshold=0.5 MB)
2026-09-10 11:09:21 | DEBUG    | RAMGuard.MainWindow | Process list updated: 228 processes
2026-09-10 11:09:30 | DEBUG    | RAMGuard.ProcessScanner | Scanned 226 processes (threshold=0.5 MB)
2026-09-10 11:09:33 | DEBUG    | RAMGuard.MainWindow | Process list updated: 226 processes
2026-09-10 11:09:42 | DEBUG    | RAMGuard.ProcessScanner | Scanned 226 processes (threshold=0.5 MB)
2026-09-10 11:09:44 | DEBUG    | RAMGuard.MainWindow | Process list updated: 226 processes
2026-09-10 11:09:53 | DEBUG    | RAMGuard.ProcessScanner | Scanned 230 processes (threshold=0.5 MB)
2026-09-10 11:09:55 | DEBUG    | RAMGuard.MainWindow | Process list updated: 230 processes
2026-09-10 11:10:04 | DEBUG    | RAMGuard.ProcessScanner | Scanned 230 processes (threshold=0.5 MB)
2026-09-10 11:10:06 | DEBUG    | RAMGuard.MainWindow | Process list updated: 230 processes
2026-09-10 11:10:14 | DEBUG    | RAMGuard.ProcessScanner | Scanned 229 processes (threshold=0.5 MB)
2026-09-10 11:10:17 | DEBUG    | RAMGuard.MainWindow | Process list updated: 229 processes
2026-09-10 11:10:25 | DEBUG    | RAMGuard.ProcessScanner | Scanned 227 processes (threshold=0.5 MB)
2026-09-10 11:10:29 | DEBUG    | RAMGuard.MainWindow | Process list updated: 227 processes
2026-09-10 11:10:38 | DEBUG    | RAMGuard.ProcessScanner | Scanned 226 processes (threshold=0.5 MB)
2026-09-10 11:10:41 | DEBUG    | RAMGuard.MainWindow | Process list updated: 226 processes
2026-09-10 11:10:50 | DEBUG    | RAMGuard.ProcessScanner | Scanned 223 processes (threshold=0.5 MB)
2026-09-10 11:10:53 | DEBUG    | RAMGuard.MainWindow | Process list updated: 223 processes
2026-09-10 11:11:01 | DEBUG    | RAMGuard.ProcessScanner | Scanned 225 processes (threshold=0.5 MB)
2026-09-10 11:11:03 | DEBUG    | RAMGuard.MainWindow | Process list updated: 225 processes
2026-09-10 11:11:12 | DEBUG    | RAMGuard.ProcessScanner | Scanned 225 processes (threshold=0.5 MB)
2026-09-10 11:11:15 | DEBUG    | RAMGuard.MainWindow | Process list updated: 225 processes
2026-09-10 11:11:23 | DEBUG    | RAMGuard.ProcessScanner | Scanned 222 processes (threshold=0.5 MB)
2026-09-10 11:11:26 | DEBUG    | RAMGuard.MainWindow | Process list updated: 222 processes
2026-09-10 11:11:35 | DEBUG    | RAMGuard.ProcessScanner | Scanned 222 processes (threshold=0.5 MB)
2026-09-10 11:11:38 | DEBUG    | RAMGuard.MainWindow | Process list updated: 222 processes
2026-09-10 11:11:47 | DEBUG    | RAMGuard.ProcessScanner | Scanned 222 processes (threshold=0.5 MB)
2026-09-10 11:11:50 | DEBUG    | RAMGuard.MainWindow | Process list updated: 222 processes
2026-09-10 11:11:58 | DEBUG    | RAMGuard.ProcessScanner | Scanned 221 processes (threshold=0.5 MB)
2026-09-10 11:12:01 | DEBUG    | RAMGuard.MainWindow | Process list updated: 221 processes
2026-09-10 11:12:10 | DEBUG    | RAMGuard.ProcessScanner | Scanned 220 processes (threshold=0.5 MB)
2026-09-10 11:12:13 | DEBUG    | RAMGuard.MainWindow | Process list updated: 220 processes
2026-09-10 11:12:21 | DEBUG    | RAMGuard.ProcessScanner | Scanned 219 processes (threshold=0.5 MB)
2026-09-10 11:12:24 | DEBUG    | RAMGuard.MainWindow | Process list updated: 219 processes
2026-09-10 11:12:32 | DEBUG    | RAMGuard.ProcessScanner | Scanned 218 processes (threshold=0.5 MB)
2026-09-10 11:12:35 | DEBUG    | RAMGuard.MainWindow | Process list updated: 218 processes
2026-09-10 11:12:43 | DEBUG    | RAMGuard.ProcessScanner | Scanned 218 processes (threshold=0.5 MB)
2026-09-10 11:12:46 | DEBUG    | RAMGuard.MainWindow | Process list updated: 218 processes
2026-09-10 11:12:54 | DEBUG    | RAMGuard.ProcessScanner | Scanned 216 processes (threshold=0.5 MB)
2026-09-10 11:12:57 | DEBUG    | RAMGuard.MainWindow | Process list updated: 216 processes
2026-09-10 11:13:05 | DEBUG    | RAMGuard.ProcessScanner | Scanned 216 processes (threshold=0.5 MB)
2026-09-10 11:13:08 | DEBUG    | RAMGuard.MainWindow | Process list updated: 216 processes
2026-09-10 11:13:17 | DEBUG    | RAMGuard.ProcessScanner | Scanned 218 processes (threshold=0.5 MB)
2026-09-10 11:13:20 | DEBUG    | RAMGuard.MainWindow | Process list updated: 218 processes
2026-09-10 11:13:28 | DEBUG    | RAMGuard.ProcessScanner | Scanned 218 processes (threshold=0.5 MB)
2026-09-10 11:13:31 | DEBUG    | RAMGuard.MainWindow | Process list updated: 218 processes
2026-09-10 11:13:39 | DEBUG    | RAMGuard.ProcessScanner | Scanned 217 processes (threshold=0.5 MB)
2026-09-10 11:13:43 | DEBUG    | RAMGuard.MainWindow | Process list updated: 217 processes
2026-09-10 11:13:51 | DEBUG    | RAMGuard.ProcessScanner | Scanned 217 processes (threshold=0.5 MB)
2026-09-10 11:13:54 | DEBUG    | RAMGuard.MainWindow | Process list updated: 217 processes
2026-09-10 11:14:02 | DEBUG    | RAMGuard.ProcessScanner | Scanned 217 processes (threshold=0.5 MB)
2026-09-10 11:14:05 | DEBUG    | RAMGuard.MainWindow | Process list updated: 217 processes
2026-09-10 11:14:14 | DEBUG    | RAMGuard.ProcessScanner | Scanned 217 processes (threshold=0.5 MB)
2026-09-10 11:14:17 | DEBUG    | RAMGuard.MainWindow | Process list updated: 217 processes
2026-09-10 11:14:28 | DEBUG    | RAMGuard.ProcessScanner | Scanned 230 processes (threshold=0.5 MB)
2026-09-10 11:14:32 | DEBUG    | RAMGuard.MainWindow | Process list updated: 230 processes
2026-09-10 11:14:41 | DEBUG    | RAMGuard.ProcessScanner | Scanned 227 processes (threshold=0.5 MB)
2026-09-10 11:14:45 | DEBUG    | RAMGuard.MainWindow | Process list updated: 227 processes
2026-09-10 11:14:55 | DEBUG    | RAMGuard.ProcessScanner | Scanned 230 processes (threshold=0.5 MB)
2026-09-10 11:14:58 | DEBUG    | RAMGuard.MainWindow | Process list updated: 230 processes
2026-09-10 11:15:07 | DEBUG    | RAMGuard.ProcessScanner | Scanned 230 processes (threshold=0.5 MB)
2026-09-10 11:15:10 | DEBUG    | RAMGuard.MainWindow | Process list updated: 230 processes
2026-09-10 11:15:20 | DEBUG    | RAMGuard.ProcessScanner | Scanned 229 processes (threshold=0.5 MB)
2026-09-10 11:15:24 | DEBUG    | RAMGuard.MainWindow | Process list updated: 229 processes
2026-09-10 11:15:33 | DEBUG    | RAMGuard.ProcessScanner | Scanned 231 processes (threshold=0.5 MB)
2026-09-10 11:15:37 | DEBUG    | RAMGuard.MainWindow | Process list updated: 231 processes
2026-09-10 11:15:46 | DEBUG    | RAMGuard.ProcessScanner | Scanned 230 processes (threshold=0.5 MB)
2026-09-10 11:15:50 | DEBUG    | RAMGuard.MainWindow | Process list updated: 230 processes
2026-09-10 11:15:59 | DEBUG    | RAMGuard.ProcessScanner | Scanned 228 processes (threshold=0.5 MB)
2026-09-10 11:16:02 | DEBUG    | RAMGuard.MainWindow | Process list updated: 228 processes
2026-09-10 11:16:11 | DEBUG    | RAMGuard.ProcessScanner | Scanned 225 processes (threshold=0.5 MB)
2026-09-10 11:16:14 | DEBUG    | RAMGuard.MainWindow | Process list updated: 225 processes
2026-09-10 11:16:16 | INFO     | RAMGuard.MainWindow | RAMGuard shutting down…
